,,,,,HISTOSOLS,,,,,,,,,,,,,,,,,,,,,,,,,
,,,,Principal qualifiers,,,,,,,,,,,,,,,,,,,,,,,,,,
,,,,,,Muusic,Rockic,Mawic,,,,,,,,,,,,,,,,,,,,,,
,,,,,,Cryic,,,,,,,,,,,,,,,,,,,,,,,,
,,,,,,Thionic,,,,,,,,,,,,,,,,,,,,,,,,
,,,,,,Folic,,,,,,,,,,,,,,,,,,,,,,,,
,,,,,,Floatic,Subaquatic,,,,,,,,,,,,,,,,,,,,,,,
,,,,,,Tidalic,,,,,,,,,,,,,,,,,,,,,,,,
,,,,,,Fibric,Hemic,Sapric,,,,,,,,,,,,,,,,,,,,,,
,,,,,,Leptic,,,,,,,,,,,,,,,,,,,,,,,,
,,,,,,Murshic,Drainic,,,,,,,,,,,,,,,,,,,,,,,
,,,,,,Ombric,Rheic,,,,,,,,,,,,,,,,,,,,,,,
,,,,,,Hyperskeletic,Skeletic,,,,,,,,,,,,,,,,,,,,,,,
,,,,,,Andic,,,,,,,,,,,,,,,,,,,,,,,,
,,,,,,Vitric,,,,,,,,,,,,,,,,,,,,,,,,
,,,,,,Calcic,,,,,,,,,,,,,,,,,,,,,,,,
,,,,,,Dystric,Eutric,,,,,,,,,,,,,,,,,,,,,,,
,,,,Supplementary qualifiers,,,,,,,,,,,,,,,,,,,,,,,,,,
,,,,,,Alcalic,,,,,,,,,,,,,,,,,,,,,,,,
,,,,,,Dolomitic,Calcaric,,,,,,,,,,,,,,,,,,,,,,,
,,,,,,Fluvic,,,,,,,,,,,,,,,,,,,,,,,,
,,,,,,Gelic,,,,,,,,,,,,,,,,,,,,,,,,
,,,,,,Hyperorganic,,,,,,,,,,,,,,,,,,,,,,,,
,,,,,,Isolatic,,,,,,,,,,,,,,,,,,,,,,,,
,,,,,,Lignic,,,,,,,,,,,,,,,,,,,,,,,,
,,,,,,Limnic,,,,,,,,,,,,,,,,,,,,,,,,
,,,,,,Magnesic,,,,,,,,,,,,,,,,,,,,,,,,
,,,,,,Mineralic,,,,,,,,,,,,,,,,,,,,,,,,
,,,,,,Novic,,,,,,,,,,,,,,,,,,,,,,,,
,,,,,,Ornithic,,,,,,,,,,,,,,,,,,,,,,,,
,,,,,,Petrogleyic,,,,,,,,,,,,,,,,,,,,,,,,
,,,,,,Placic,,,,,,,,,,,,,,,,,,,,,,,,
,,,,,,Relocatic,,,,,,,,,,,,,,,,,,,,,,,,
,,,,,,Salic,,,,,,,,,,,,,,,,,,,,,,,,
,,,,,,Sodic,,,,,,,,,,,,,,,,,,,,,,,,
,,,,,,Sulfidic,,,,,,,,,,,,,,,,,,,,,,,,
,,,,,,Technic,,,,,,,,,,,,,,,,,,,,,,,,
,,,,,,Tephric,,,,,,,,,,,,,,,,,,,,,,,,
,,,,,,Toxic,,,,,,,,,,,,,,,,,,,,,,,,
,,,,,,Transportic,,,,,,,,,,,,,,,,,,,,,,,,
,,,,,,Turbic,,,,,,,,,,,,,,,,,,,,,,,,
,,,,,ANTHROSOLS,,,,,,,,,,,,,,,,,,,,,,,,,
,,,,Principal qualifiers,,,,,,,,,,,,,,,,,,,,,,,,,,
,,,,,,Hydragric,Irragric,,,,,,,,,,,,,,,,,,,,,,,
,,,,,,Hortic,Plaggic,,,,,,,,,,,,,,,,,,,,,,,
,,,,,,Pretic,Terric,,,,,,,,,,,,,,,,,,,,,,,
,,,,Supplementary qualifiers,,,,,,,,,,,,,,,,,,,,,,,,,,
,,,,,,Acric,Lixic,Alic,Luvic,,,,,,,,,,,,,,,,,,,,,
,,,,,,Alcalic,Dystric,Eutric,,,,,,,,,,,,,,,,,,,,,,
,,,,,,Andic,,,,,,,,,,,,,,,,,,,,,,,,
,,,,,,Arenic,Clayic,Loamic,Siltic,,,,,,,,,,,,,,,,,,,,,
,,,,,,Calcic,,,,,,,,,,,,,,,,,,,,,,,,
,,,,,,Dolomitic,Calcaric,,,,,,,,,,,,,,,,,,,,,,,
,,,,,,Escalic,,,,,,,,,,,,,,,,,,,,,,,,
,,,,,,Ferralic,Sideralic,,,,,,,,,,,,,,,,,,,,,,,
,,,,,,Fluvic,,,,,,,,,,,,,,,,,,,,,,,,
,,,,,,Gleyic,,,,,,,,,,,,,,,,,,,,,,,,
,,,,,,Endoleptic,,,,,,,,,,,,,,,,,,,,,,,,
,,,,,,Novic,,,,,,,,,,,,,,,,,,,,,,,,
,,,,,,Oxyaquic,,,,,,,,,,,,,,,,,,,,,,,,
,,,,,,Salic,,,,,,,,,,,,,,,,,,,,,,,,
,,,,,,Skeletic,,,,,,,,,,,,,,,,,,,,,,,,
,,,,,,Sodic,,,,,,,,,,,,,,,,,,,,,,,,
,,,,,,Spodic,,,,,,,,,,,,,,,,,,,,,,,,
,,,,,,Stagnic,,,,,,,,,,,,,,,,,,,,,,,,
,,,,,,Technic,,,,,,,,,,,,,,,,,,,,,,,,
,,,,,,Toxic,,,,,,,,,,,,,,,,,,,,,,,,
,,,,,,Vertic,,,,,,,,,,,,,,,,,,,,,,,,
,,,,,,Vitric,,,,,,,,,,,,,,,,,,,,,,,,
,,,,,TECHNOSOLS,,,,,,,,,,,,,,,,,,,,,,,,,
,,,,Principal qualifiers,,,,,,,,,,,,,,,,,,,,,,,,,,
,,,,,,Ekranic,,,,,,,,,,,,,,,,,,,,,,,,
,,,,,,Linic,,,,,,,,,,,,,,,,,,,,,,,,
,,,,,,Urbic,,,,,,,,,,,,,,,,,,,,,,,,
,,,,,,Spolic,,,,,,,,,,,,,,,,,,,,,,,,
,,,,,,Garbic,,,,,,,,,,,,,,,,,,,,,,,,
,,,,,,Cryic,,,,,,,,,,,,,,,,,,,,,,,,
,,,,,,Isolatic,,,,,,,,,,,,,,,,,,,,,,,,
,,,,,,Leptic,,,,,,,,,,,,,,,,,,,,,,,,
,,,,,,Subaquatic,Tidalic,,,,,,,,,,,,,,,,,,,,,,,
,,,,,,Reductic,,,,,,,,,,,,,,,,,,,,,,,,
,,,,,,Hyperskeletic,,,,,,,,,,,,,,,,,,,,,,,,
,,,,Supplementary qualifiers,,,,,,,,,,,,,,,,,,,,,,,,,,
,,,,,,Alcalic,Dystric,Eutric,,,,,,,,,,,,,,,,,,,,,,
,,,,,,Andic,,,,,,,,,,,,,,,,,,,,,,,,
,,,,,,Anthraquic,Irragric,,,,,,,,,,,,,,,,,,,,,,,
,,,,,,Hortic,Plaggic,,,,,,,,,,,,,,,,,,,,,,,
,,,,,,Pretic,Terric,,,,,,,,,,,,,,,,,,,,,,,
,,,,,,Archaic,,,,,,,,,,,,,,,,,,,,,,,,
,,,,,,Arenic,Clayic,,,,,,,,,,,,,,,,,,,,,,,
,,,,,,Loamic,Siltic,,,,,,,,,,,,,,,,,,,,,,,
,,,,,,Aridic,,,,,,,,,,,,,,,,,,,,,,,,
,,,,,,Calcic,,,,,,,,,,,,,,,,,,,,,,,,
,,,,,,Cambic,,,,,,,,,,,,,,,,,,,,,,,,
,,,,,,Carbonic,,,,,,,,,,,,,,,,,,,,,,,,
,,,,,,Densic,,,,,,,,,,,,,,,,,,,,,,,,
,,,,,,Dolomitic,Calcaric,,,,,,,,,,,,,,,,,,,,,,,
,,,,,,Drainic,,,,,,,,,,,,,,,,,,,,,,,,
,,,,,,Fluvic,,,,,,,,,,,,,,,,,,,,,,,,
,,,,,,Folic,Histic,,,,,,,,,,,,,,,,,,,,,,,
,,,,,,Gleyic,,,,,,,,,,,,,,,,,,,,,,,,
,,,,,,Gypsic,,,,,,,,,,,,,,,,,,,,,,,,
,,,,,,Gypsiric,,,,,,,,,,,,,,,,,,,,,,,,
,,,,,,Humic,Ochric,,,,,,,,,,,,,,,,,,,,,,,
,,,,,,Hyperartefactic,,,,,,,,,,,,,,,,,,,,,,,,
,,,,,,Immissic,,,,,,,,,,,,,,,,,,,,,,,,
,,,,,,Laxic,,,,,,,,,,,,,,,,,,,,,,,,
,,,,,,Lignic,,,,,,,,,,,,,,,,,,,,,,,,
,,,,,,Mollic,Umbric,,,,,,,,,,,,,,,,,,,,,,,
,,,,,,Novic,,,,,,,,,,,,,,,,,,,,,,,,
,,,,,,Oxyaquic,,,,,,,,,,,,,,,,,,,,,,,,
,,,,,,Raptic,,,,,,,,,,,,,,,,,,,,,,,,
,,,,,,Relocatic,,,,,,,,,,,,,,,,,,,,,,,,
,,,,,,Salic,,,,,,,,,,,,,,,,,,,,,,,,
,,,,,,Sideralic,,,,,,,,,,,,,,,,,,,,,,,,
,,,,,,Skeletic,,,,,,,,,,,,,,,,,,,,,,,,
,,,,,,Sodic,,,,,,,,,,,,,,,,,,,,,,,,
,,,,,,Protospodic,,,,,,,,,,,,,,,,,,,,,,,,
,,,,,,Stagnic,,,,,,,,,,,,,,,,,,,,,,,,
,,,,,,Sulfidic,,,,,,,,,,,,,,,,,,,,,,,,
,,,,,,Tephric,,,,,,,,,,,,,,,,,,,,,,,,
,,,,,,Thionic,,,,,,,,,,,,,,,,,,,,,,,,
,,,,,,Toxic,,,,,,,,,,,,,,,,,,,,,,,,
,,,,,,Transportic,,,,,,,,,,,,,,,,,,,,,,,,
,,,,,,Vitric,,,,,,,,,,,,,,,,,,,,,,,,
,,,,,CRYOSOLS,,,,,,,,,,,,,,,,,,,,,,,,,
,,,,Principal qualifiers,,,,,,,,,,,,,,,,,,,,,,,,,,
,,,,,,Glacic,,,,,,,,,,,,,,,,,,,,,,,,
,,,,,,Turbic,,,,,,,,,,,,,,,,,,,,,,,,
,,,,,,Subaquatic,Tidalic,,,,,,,,,,,,,,,,,,,,,,,
,,,,,,Reductaquic,Oxyaquic,,,,,,,,,,,,,,,,,,,,,,,
,,,,,,Leptic,,,,,,,,,,,,,,,,,,,,,,,,
,,,,,,Protic,,,,,,,,,,,,,,,,,,,,,,,,
,,,,,,Folic,Histic,,,,,,,,,,,,,,,,,,,,,,,
,,,,,,Mollic,Umbric,,,,,,,,,,,,,,,,,,,,,,,
,,,,,,Natric,,,,,,,,,,,,,,,,,,,,,,,,
,,,,,,Salic,,,,,,,,,,,,,,,,,,,,,,,,
,,,,,,Spodic,,,,,,,,,,,,,,,,,,,,,,,,
,,,,,,Alic,Luvic,,,,,,,,,,,,,,,,,,,,,,,
,,,,,,Calcic,,,,,,,,,,,,,,,,,,,,,,,,
,,,,,,Cambic,,,,,,,,,,,,,,,,,,,,,,,,
,,,,,,Hyperskeletic,Skeletic,,,,,,,,,,,,,,,,,,,,,,,
,,,,,,Haplic,,,,,,,,,,,,,,,,,,,,,,,,
,,,,Supplementary qualifiers,,,,,,,,,,,,,,,,,,,,,,,,,,
,,,,,,Abruptic,,,,,,,,,,,,,,,,,,,,,,,,
,,,,,,Albic,,,,,,,,,,,,,,,,,,,,,,,,
,,,,,,Alcalic,Dystric,Eutric,,,,,,,,,,,,,,,,,,,,,,
,,,,,,Andic,,,,,,,,,,,,,,,,,,,,,,,,
,,,,,,Arenic,Clayic,Loamic,Siltic,,,,,,,,,,,,,,,,,,,,,
,,,,,,Dolomitic,Calcaric,,,,,,,,,,,,,,,,,,,,,,,
,,,,,,Drainic,,,,,,,,,,,,,,,,,,,,,,,,
,,,,,,Fluvic,,,,,,,,,,,,,,,,,,,,,,,,
,,,,,,Gypsiric,,,,,,,,,,,,,,,,,,,,,,,,
,,,,,,Humic,Ochric,,,,,,,,,,,,,,,,,,,,,,,
,,,,,,Limnic,,,,,,,,,,,,,,,,,,,,,,,,
,,,,,,Magnesic,,,,,,,,,,,,,,,,,,,,,,,,
,,,,,,Nechic,,,,,,,,,,,,,,,,,,,,,,,,
,,,,,,Novic,,,,,,,,,,,,,,,,,,,,,,,,
,,,,,,Ornithic,,,,,,,,,,,,,,,,,,,,,,,,
,,,,,,Raptic,,,,,,,,,,,,,,,,,,,,,,,,
,,,,,,Sodic,,,,,,,,,,,,,,,,,,,,,,,,
,,,,,,Sulfidic,,,,,,,,,,,,,,,,,,,,,,,,
,,,,,,Technic,,,,,,,,,,,,,,,,,,,,,,,,
,,,,,,Tephric,,,,,,,,,,,,,,,,,,,,,,,,
,,,,,,Thixotropic,,,,,,,,,,,,,,,,,,,,,,,,
,,,,,,Toxic,,,,,,,,,,,,,,,,,,,,,,,,
,,,,,,Transportic,,,,,,,,,,,,,,,,,,,,,,,,
,,,,,,Vitric,,,,,,,,,,,,,,,,,,,,,,,,
,,,,,,Yermic,Aridic,,,,,,,,,,,,,,,,,,,,,,,
,,,,,LEPTOSOLS,,,,,,,,,,,,,,,,,,,,,,,,,
,,,,Principal qualifiers,,,,,,,,,,,,,,,,,,,,,,,,,,
,,,,,,Nudilithic,Lithic,,,,,,,,,,,,,,,,,,,,,,,
,,,,,,Technoleptic,,,,,,,,,,,,,,,,,,,,,,,,
,,,,,,Hyperskeletic,Skeletic,,,,,,,,,,,,,,,,,,,,,,,
,,,,,,Subaquatic,Tidalic,,,,,,,,,,,,,,,,,,,,,,,
,,,,,,Folic,Histic,,,,,,,,,,,,,,,,,,,,,,,
,,,,,,Rendzic,Mollic,Umbric,,,,,,,,,,,,,,,,,,,,,,
,,,,,,Cambic,Brunic,,,,,,,,,,,,,,,,,,,,,,,
,,,,,,Gypsiric,,,,,,,,,,,,,,,,,,,,,,,,
,,,,,,Dolomitic,Calcaric,,,,,,,,,,,,,,,,,,,,,,,
,,,,,,Dystric,Eutric,,,,,,,,,,,,,,,,,,,,,,,
,,,,Supplementary qualifiers,,,,,,,,,,,,,,,,,,,,,,,,,,
,,,,,,Andic,,,,,,,,,,,,,,,,,,,,,,,,
,,,,,,Arenic,Clayic,Loamic,Siltic,,,,,,,,,,,,,,,,,,,,,
,,,,,,Aric,,,,,,,,,,,,,,,,,,,,,,,,
,,,,,,Protocalcic,,,,,,,,,,,,,,,,,,,,,,,,
,,,,,,Colluvic,,,,,,,,,,,,,,,,,,,,,,,,
,,,,,,Drainic,,,,,,,,,,,,,,,,,,,,,,,,
,,,,,,Fluvic,,,,,,,,,,,,,,,,,,,,,,,,
,,,,,,Gelic,,,,,,,,,,,,,,,,,,,,,,,,
,,,,,,Gleyic,,,,,,,,,,,,,,,,,,,,,,,,
,,,,,,Humic,Ochric,,,,,,,,,,,,,,,,,,,,,,,
,,,,,,Isolatic,,,,,,,,,,,,,,,,,,,,,,,,
,,,,,,Lapiadic,,,,,,,,,,,,,,,,,,,,,,,,
,,,,,,Nechic,,,,,,,,,,,,,,,,,,,,,,,,
,,,,,,Novic,,,,,,,,,,,,,,,,,,,,,,,,
,,,,,,Ornithic,,,,,,,,,,,,,,,,,,,,,,,,
,,,,,,Oxyaquic,,,,,,,,,,,,,,,,,,,,,,,,
,,,,,,Placic,,,,,,,,,,,,,,,,,,,,,,,,
,,,,,,Protic,,,,,,,,,,,,,,,,,,,,,,,,
,,,,,,Raptic,,,,,,,,,,,,,,,,,,,,,,,,
,,,,,,Salic,,,,,,,,,,,,,,,,,,,,,,,,
,,,,,,Sodic,,,,,,,,,,,,,,,,,,,,,,,,
,,,,,,Protospodic,,,,,,,,,,,,,,,,,,,,,,,,
,,,,,,Stagnic,,,,,,,,,,,,,,,,,,,,,,,,
,,,,,,Sulfidic,,,,,,,,,,,,,,,,,,,,,,,,
,,,,,,Takyric,Yermic,Aridic,,,,,,,,,,,,,,,,,,,,,,
,,,,,,Technic,,,,,,,,,,,,,,,,,,,,,,,,
,,,,,,Tephric,,,,,,,,,,,,,,,,,,,,,,,,
,,,,,,Toxic,,,,,,,,,,,,,,,,,,,,,,,,
,,,,,,Transportic,,,,,,,,,,,,,,,,,,,,,,,,
,,,,,,Turbic,,,,,,,,,,,,,,,,,,,,,,,,
,,,,,,Protovertic,,,,,,,,,,,,,,,,,,,,,,,,
,,,,,,Vitric,,,,,,,,,,,,,,,,,,,,,,,,
,,,,,SOLONETZ,,,,,,,,,,,,,,,,,,,,,,,,,
,,,,Principal qualifiers,,,,,,,,,,,,,,,,,,,,,,,,,,
,,,,,,Abruptic,,,,,,,,,,,,,,,,,,,,,,,,
,,,,,,Gleyic,,,,,,,,,,,,,,,,,,,,,,,,
,,,,,,Stagnic,,,,,,,,,,,,,,,,,,,,,,,,
,,,,,,Mollic,,,,,,,,,,,,,,,,,,,,,,,,
,,,,,,Salic,,,,,,,,,,,,,,,,,,,,,,,,
,,,,,,Gypsic,,,,,,,,,,,,,,,,,,,,,,,,
,,,,,,Petrocalcic,Calcic,,,,,,,,,,,,,,,,,,,,,,,
,,,,,,Fractic,,,,,,,,,,,,,,,,,,,,,,,,
,,,,,,Vertic,,,,,,,,,,,,,,,,,,,,,,,,
,,,,,,Chromic,,,,,,,,,,,,,,,,,,,,,,,,
,,,,,,Nudinatric,,,,,,,,,,,,,,,,,,,,,,,,
,,,,,,Haplic,,,,,,,,,,,,,,,,,,,,,,,,
,,,,Supplementary qualifiers,,,,,,,,,,,,,,,,,,,,,,,,,,
,,,,,,Albic,,,,,,,,,,,,,,,,,,,,,,,,
,,,,,,Arenic,Clayic,Loamic,Siltic,,,,,,,,,,,,,,,,,,,,,
,,,,,,Neocambic,,,,,,,,,,,,,,,,,,,,,,,,
,,,,,,Colluvic,,,,,,,,,,,,,,,,,,,,,,,,
,,,,,,Columnic,,,,,,,,,,,,,,,,,,,,,,,,
,,,,,,Cutanic,,,,,,,,,,,,,,,,,,,,,,,,
,,,,,,Differentic,,,,,,,,,,,,,,,,,,,,,,,,
,,,,,,Duric,,,,,,,,,,,,,,,,,,,,,,,,
,,,,,,Ferric,,,,,,,,,,,,,,,,,,,,,,,,
,,,,,,Fluvic,,,,,,,,,,,,,,,,,,,,,,,,
,,,,,,Humic,Ochric,,,,,,,,,,,,,,,,,,,,,,,
,,,,,,Magnesic,,,,,,,,,,,,,,,,,,,,,,,,
,,,,,,Hypernatric,,,,,,,,,,,,,,,,,,,,,,,,
,,,,,,Novic,,,,,,,,,,,,,,,,,,,,,,,,
,,,,,,Oxyaquic,,,,,,,,,,,,,,,,,,,,,,,,
,,,,,,Raptic,,,,,,,,,,,,,,,,,,,,,,,,
,,,,,,Retic,,,,,,,,,,,,,,,,,,,,,,,,
,,,,,,Skeletic,,,,,,,,,,,,,,,,,,,,,,,,
,,,,,,Takyric,Yermic,Aridic,,,,,,,,,,,,,,,,,,,,,,
,,,,,,Technic,,,,,,,,,,,,,,,,,,,,,,,,
,,,,,,Toxic,,,,,,,,,,,,,,,,,,,,,,,,
,,,,,,Transportic,,,,,,,,,,,,,,,,,,,,,,,,
,,,,,,Turbic,,,,,,,,,,,,,,,,,,,,,,,,
,,,,,VERTISOLS,,,,,,,,,,,,,,,,,,,,,,,,,
,,,,Principal qualifiers,,,,,,,,,,,,,,,,,,,,,,,,,,
,,,,,,Salic,,,,,,,,,,,,,,,,,,,,,,,,
,,,,,,Sodic,,,,,,,,,,,,,,,,,,,,,,,,
,,,,,,Leptic,,,,,,,,,,,,,,,,,,,,,,,,
,,,,,,Petroduric,Duric,,,,,,,,,,,,,,,,,,,,,,,
,,,,,,Gypsic,,,,,,,,,,,,,,,,,,,,,,,,
,,,,,,Petrocalcic,Calcic,,,,,,,,,,,,,,,,,,,,,,,
,,,,,,Hydragric,Anthraquic,Irragric,,,,,,,,,,,,,,,,,,,,,,
,,,,,,Pellic,,,,,,,,,,,,,,,,,,,,,,,,
,,,,,,Chromic,,,,,,,,,,,,,,,,,,,,,,,,
,,,,,,Haplic,,,,,,,,,,,,,,,,,,,,,,,,
,,,,Supplementary qualifiers,,,,,,,,,,,,,,,,,,,,,,,,,,
,,,,,,Albic,,,,,,,,,,,,,,,,,,,,,,,,
,,,,,,Aric,,,,,,,,,,,,,,,,,,,,,,,,
,,,,,,Chernic,Mollic,,,,,,,,,,,,,,,,,,,,,,,
,,,,,,Dolomitic,Calcaric,,,,,,,,,,,,,,,,,,,,,,,
,,,,,,Drainic,,,,,,,,,,,,,,,,,,,,,,,,
,,,,,,Hypereutric,,,,,,,,,,,,,,,,,,,,,,,,
,,,,,,Ferric,,,,,,,,,,,,,,,,,,,,,,,,
,,,,,,Fractic,,,,,,,,,,,,,,,,,,,,,,,,
,,,,,,Gilgaic,,,,,,,,,,,,,,,,,,,,,,,,
,,,,,,Gleyic,,,,,,,,,,,,,,,,,,,,,,,,
,,,,,,Grumic,Mazic,,,,,,,,,,,,,,,,,,,,,,,
,,,,,,Gypsiric,,,,,,,,,,,,,,,,,,,,,,,,
,,,,,,Humic,Ochric,,,,,,,,,,,,,,,,,,,,,,,
,,,,,,Magnesic,,,,,,,,,,,,,,,,,,,,,,,,
,,,,,,Mesotrophic,,,,,,,,,,,,,,,,,,,,,,,,
,,,,,,Novic,,,,,,,,,,,,,,,,,,,,,,,,
,,,,,,Raptic,,,,,,,,,,,,,,,,,,,,,,,,
,,,,,,Skeletic,,,,,,,,,,,,,,,,,,,,,,,,
,,,,,,Stagnic,,,,,,,,,,,,,,,,,,,,,,,,
,,,,,,Sulfidic,,,,,,,,,,,,,,,,,,,,,,,,
,,,,,,Technic,,,,,,,,,,,,,,,,,,,,,,,,
,,,,,,Thionic,,,,,,,,,,,,,,,,,,,,,,,,
,,,,,,Toxic,,,,,,,,,,,,,,,,,,,,,,,,
,,,,,SOLONCHAKS,,,,,,,,,,,,,,,,,,,,,,,,,
,,,,Principal qualifiers,,,,,,,,,,,,,,,,,,,,,,,,,,
,,,,,,Petrosalic,,,,,,,,,,,,,,,,,,,,,,,,
,,,,,,Gleyic,,,,,,,,,,,,,,,,,,,,,,,,
,,,,,,Stagnic,,,,,,,,,,,,,,,,,,,,,,,,
,,,,,,Mollic,,,,,,,,,,,,,,,,,,,,,,,,
,,,,,,Sodic,,,,,,,,,,,,,,,,,,,,,,,,
,,,,,,Gypsic,,,,,,,,,,,,,,,,,,,,,,,,
,,,,,,Petrocalcic,Calcic,,,,,,,,,,,,,,,,,,,,,,,
,,,,,,Fluvic,,,,,,,,,,,,,,,,,,,,,,,,
,,,,,,Haplic,,,,,,,,,,,,,,,,,,,,,,,,
,,,,Supplementary qualifiers,,,,,,,,,,,,,,,,,,,,,,,,,,
,,,,,,Aceric,,,,,,,,,,,,,,,,,,,,,,,,
,,,,,,Alcalic,,,,,,,,,,,,,,,,,,,,,,,,
,,,,,,Arenic,Clayic,Loamic,Siltic,,,,,,,,,,,,,,,,,,,,,
,,,,,,Carbonatic,Chloridic,Sulfatic,,,,,,,,,,,,,,,,,,,,,,
,,,,,,Colluvic,,,,,,,,,,,,,,,,,,,,,,,,
,,,,,,Densic,,,,,,,,,,,,,,,,,,,,,,,,
,,,,,,Dolomitic,Calcaric,,,,,,,,,,,,,,,,,,,,,,,
,,,,,,Drainic,,,,,,,,,,,,,,,,,,,,,,,,
,,,,,,Duric,,,,,,,,,,,,,,,,,,,,,,,,
,,,,,,Evapocrustic,Puffic,,,,,,,,,,,,,,,,,,,,,,,
,,,,,,Folic,Histic,,,,,,,,,,,,,,,,,,,,,,,
,,,,,,Fractic,,,,,,,,,,,,,,,,,,,,,,,,
,,,,,,Gelic,,,,,,,,,,,,,,,,,,,,,,,,
,,,,,,Gypsiric,,,,,,,,,,,,,,,,,,,,,,,,
,,,,,,Humic,Ochric,,,,,,,,,,,,,,,,,,,,,,,
,,,,,,Novic,,,,,,,,,,,,,,,,,,,,,,,,
,,,,,,Oxyaquic,,,,,,,,,,,,,,,,,,,,,,,,
,,,,,,Raptic,,,,,,,,,,,,,,,,,,,,,,,,
,,,,,,Hypersalic,,,,,,,,,,,,,,,,,,,,,,,,
,,,,,,Skeletic,,,,,,,,,,,,,,,,,,,,,,,,
,,,,,,Sulfidic,,,,,,,,,,,,,,,,,,,,,,,,
,,,,,,Takyric,Yermic,Aridic,,,,,,,,,,,,,,,,,,,,,,
,,,,,,Technic,,,,,,,,,,,,,,,,,,,,,,,,
,,,,,,Toxic,,,,,,,,,,,,,,,,,,,,,,,,
,,,,,,Transportic,,,,,,,,,,,,,,,,,,,,,,,,
,,,,,,Turbic,,,,,,,,,,,,,,,,,,,,,,,,
,,,,,,Vertic,,,,,,,,,,,,,,,,,,,,,,,,
,,,,,GLEYSOLS,,,,,,,,,,,,,,,,,,,,,,,,,
,,,,Principal qualifiers,,,,,,,,,,,,,,,,,,,,,,,,,,
,,,,,,Thionic,,,,,,,,,,,,,,,,,,,,,,,,
,,,,,,Reductic,,,,,,,,,,,,,,,,,,,,,,,,
,,,,,,Subaquatic,Tidalic,,,,,,,,,,,,,,,,,,,,,,,
,,,,,,Hydragric,Anthraquic,,,,,,,,,,,,,,,,,,,,,,,
,,,,,,Folic,Histic,,,,,,,,,,,,,,,,,,,,,,,
,,,,,,Chernic,Mollic,Umbric,,,,,,,,,,,,,,,,,,,,,,
,,,,,,Pisoplinthic,Plinthic,,,,,,,,,,,,,,,,,,,,,,,
,,,,,,Stagnic,,,,,,,,,,,,,,,,,,,,,,,,
,,,,,,Oxygleyic,Reductigleyic,,,,,,,,,,,,,,,,,,,,,,,
,,,,,,Ferralic,Sideralic,,,,,,,,,,,,,,,,,,,,,,,
,,,,,,Gypsic,,,,,,,,,,,,,,,,,,,,,,,,
,,,,,,Calcic,,,,,,,,,,,,,,,,,,,,,,,,
,,,,,,Spodic,,,,,,,,,,,,,,,,,,,,,,,,
,,,,,,Fluvic,,,,,,,,,,,,,,,,,,,,,,,,
,,,,,,Dolomitic,Calcaric,,,,,,,,,,,,,,,,,,,,,,,
,,,,,,Dystric,Eutric,,,,,,,,,,,,,,,,,,,,,,,
,,,,Supplementary qualifiers,,,,,,,,,,,,,,,,,,,,,,,,,,
,,,,,,Abruptic,,,,,,,,,,,,,,,,,,,,,,,,
,,,,,,Acric,Lixic,Alic,Luvic,,,,,,,,,,,,,,,,,,,,,
,,,,,,Alcalic,,,,,,,,,,,,,,,,,,,,,,,,
,,,,,,Andic,,,,,,,,,,,,,,,,,,,,,,,,
,,,,,,Arenic,Clayic,Loamic,Siltic,,,,,,,,,,,,,,,,,,,,,
,,,,,,Aric,,,,,,,,,,,,,,,,,,,,,,,,
,,,,,,Colluvic,,,,,,,,,,,,,,,,,,,,,,,,
,,,,,,Drainic,,,,,,,,,,,,,,,,,,,,,,,,
,,,,,,Fractic,,,,,,,,,,,,,,,,,,,,,,,,
,,,,,,Gelic,,,,,,,,,,,,,,,,,,,,,,,,
,,,,,,Humic,Ochric,,,,,,,,,,,,,,,,,,,,,,,
,,,,,,Inclinic,,,,,,,,,,,,,,,,,,,,,,,,
,,,,,,Limnic,,,,,,,,,,,,,,,,,,,,,,,,
,,,,,,Nechic,,,,,,,,,,,,,,,,,,,,,,,,
,,,,,,Novic,,,,,,,,,,,,,,,,,,,,,,,,
,,,,,,Petrogleyic,,,,,,,,,,,,,,,,,,,,,,,,
,,,,,,Raptic,,,,,,,,,,,,,,,,,,,,,,,,
,,,,,,Relocatic,,,,,,,,,,,,,,,,,,,,,,,,
,,,,,,Salic,,,,,,,,,,,,,,,,,,,,,,,,
,,,,,,Skeletic,,,,,,,,,,,,,,,,,,,,,,,,
,,,,,,Sodic,,,,,,,,,,,,,,,,,,,,,,,,
,,,,,,Sulfidic,,,,,,,,,,,,,,,,,,,,,,,,
,,,,,,Takyric,Aridic,,,,,,,,,,,,,,,,,,,,,,,
,,,,,,Technic,,,,,,,,,,,,,,,,,,,,,,,,
,,,,,,Tephric,,,,,,,,,,,,,,,,,,,,,,,,
,,,,,,Toxic,,,,,,,,,,,,,,,,,,,,,,,,
,,,,,,Turbic,,,,,,,,,,,,,,,,,,,,,,,,
,,,,,,Uterquic,,,,,,,,,,,,,,,,,,,,,,,,
,,,,,,Vertic,,,,,,,,,,,,,,,,,,,,,,,,
,,,,,,Vitric,,,,,,,,,,,,,,,,,,,,,,,,
,,,,,ANDOSOLS,,,,,,,,,,,,,,,,,,,,,,,,,
,,,,Principal qualifiers,,,,,,,,,,,,,,,,,,,,,,,,,,
,,,,,,Aluandic,Silandic,,,,,,,,,,,,,,,,,,,,,,,
,,,,,,Vitric,,,,,,,,,,,,,,,,,,,,,,,,
,,,,,,Leptic,,,,,,,,,,,,,,,,,,,,,,,,
,,,,,,Hydragric,Anthraquic,,,,,,,,,,,,,,,,,,,,,,,
,,,,,,Gleyic,,,,,,,,,,,,,,,,,,,,,,,,
,,,,,,Hydric,,,,,,,,,,,,,,,,,,,,,,,,
,,,,,,Folic,Histic,,,,,,,,,,,,,,,,,,,,,,,
,,,,,,Chernic,Mollic,Umbric,,,,,,,,,,,,,,,,,,,,,,
,,,,,,Petroduric,Duric,,,,,,,,,,,,,,,,,,,,,,,
,,,,,,Gypsic,,,,,,,,,,,,,,,,,,,,,,,,
,,,,,,Calcic,,,,,,,,,,,,,,,,,,,,,,,,
,,,,,,Tephric,,,,,,,,,,,,,,,,,,,,,,,,
,,,,,,Skeletic,,,,,,,,,,,,,,,,,,,,,,,,
,,,,,,Eutrosilic,,,,,,,,,,,,,,,,,,,,,,,,
,,,,,,Dystric,Eutric,,,,,,,,,,,,,,,,,,,,,,,
,,,,Supplementary qualifiers,,,,,,,,,,,,,,,,,,,,,,,,,,
,,,,,,Acroxic,,,,,,,,,,,,,,,,,,,,,,,,
,,,,,,Protoandic,,,,,,,,,,,,,,,,,,,,,,,,
,,,,,,Arenic,Clayic,Loamic,Siltic,,,,,,,,,,,,,,,,,,,,,
,,,,,,Aric,,,,,,,,,,,,,,,,,,,,,,,,
,,,,,,Colluvic,,,,,,,,,,,,,,,,,,,,,,,,
,,,,,,Dolomitic,Calcaric,,,,,,,,,,,,,,,,,,,,,,,
,,,,,,Drainic,,,,,,,,,,,,,,,,,,,,,,,,
,,,,,,Fluvic,,,,,,,,,,,,,,,,,,,,,,,,
,,,,,,Fragic,,,,,,,,,,,,,,,,,,,,,,,,
,,,,,,Fulvic,Melanic,,,,,,,,,,,,,,,,,,,,,,,
,,,,,,Gelic,,,,,,,,,,,,,,,,,,,,,,,,
,,,,,,Hyperhumic,,,,,,,,,,,,,,,,,,,,,,,,
,,,,,,Nechic,,,,,,,,,,,,,,,,,,,,,,,,
,,,,,,Novic,,,,,,,,,,,,,,,,,,,,,,,,
,,,,,,Oxyaquic,,,,,,,,,,,,,,,,,,,,,,,,
,,,,,,Placic,,,,,,,,,,,,,,,,,,,,,,,,
,,,,,,Reductic,,,,,,,,,,,,,,,,,,,,,,,,
,,,,,,Sideralic,,,,,,,,,,,,,,,,,,,,,,,,
,,,,,,Sodic,,,,,,,,,,,,,,,,,,,,,,,,
,,,,,,Protospodic,,,,,,,,,,,,,,,,,,,,,,,,
,,,,,,Technic,,,,,,,,,,,,,,,,,,,,,,,,
,,,,,,Thixotropic,,,,,,,,,,,,,,,,,,,,,,,,
,,,,,,Toxic,,,,,,,,,,,,,,,,,,,,,,,,
,,,,,,Transportic,,,,,,,,,,,,,,,,,,,,,,,,
,,,,,,Turbic,,,,,,,,,,,,,,,,,,,,,,,,
,,,,,PODZOLS,,,,,,,,,,,,,,,,,,,,,,,,,
,,,,Principal qualifiers,,,,,,,,,,,,,,,,,,,,,,,,,,
,,,,,,Ortsteinic,,,,,,,,,,,,,,,,,,,,,,,,
,,,,,,Carbic,Rustic,,,,,,,,,,,,,,,,,,,,,,,
,,,,,,Albic,Entic,,,,,,,,,,,,,,,,,,,,,,,
,,,,,,Leptic,,,,,,,,,,,,,,,,,,,,,,,,
,,,,,,Hortic,Plaggic,Pretic,Terric,,,,,,,,,,,,,,,,,,,,,
,,,,,,Folic,Histic,,,,,,,,,,,,,,,,,,,,,,,
,,,,,,Gleyic,,,,,,,,,,,,,,,,,,,,,,,,
,,,,,,Stagnic,,,,,,,,,,,,,,,,,,,,,,,,
,,,,,,Umbric,,,,,,,,,,,,,,,,,,,,,,,,
,,,,,,Glossic,Retic,,,,,,,,,,,,,,,,,,,,,,,
,,,,,,Alic,,,,,,,,,,,,,,,,,,,,,,,,
,,,,,,Hyperskeletic,Skeletic,,,,,,,,,,,,,,,,,,,,,,,
,,,,,,Andic,,,,,,,,,,,,,,,,,,,,,,,,
,,,,,,Vitric,,,,,,,,,,,,,,,,,,,,,,,,
,,,,Supplementary qualifiers,,,,,,,,,,,,,,,,,,,,,,,,,,
,,,,,,Abruptic,,,,,,,,,,,,,,,,,,,,,,,,
,,,,,,Arenic,Loamic,Siltic,,,,,,,,,,,,,,,,,,,,,,
,,,,,,Aric,,,,,,,,,,,,,,,,,,,,,,,,
,,,,,,Neocambic,,,,,,,,,,,,,,,,,,,,,,,,
,,,,,,Densic,,,,,,,,,,,,,,,,,,,,,,,,
,,,,,,Drainic,,,,,,,,,,,,,,,,,,,,,,,,
,,,,,,Endoeutric,,,,,,,,,,,,,,,,,,,,,,,,
,,,,,,Fragic,,,,,,,,,,,,,,,,,,,,,,,,
,,,,,,Gelic,,,,,,,,,,,,,,,,,,,,,,,,
,,,,,,Lamellic,,,,,,,,,,,,,,,,,,,,,,,,
,,,,,,Novic,,,,,,,,,,,,,,,,,,,,,,,,
,,,,,,Ornithic,,,,,,,,,,,,,,,,,,,,,,,,
,,,,,,Oxyaquic,,,,,,,,,,,,,,,,,,,,,,,,
,,,,,,Placic,,,,,,,,,,,,,,,,,,,,,,,,
,,,,,,Raptic,,,,,,,,,,,,,,,,,,,,,,,,
,,,,,,Hyperspodic,,,,,,,,,,,,,,,,,,,,,,,,
,,,,,,Technic,,,,,,,,,,,,,,,,,,,,,,,,
,,,,,,Toxic,,,,,,,,,,,,,,,,,,,,,,,,
,,,,,,Transportic,,,,,,,,,,,,,,,,,,,,,,,,
,,,,,,Turbic,,,,,,,,,,,,,,,,,,,,,,,,
,,,,,PLINTHOSOLS,,,,,,,,,,,,,,,,,,,,,,,,,
,,,,Principal qualifiers,,,,,,,,,,,,,,,,,,,,,,,,,,
,,,,,,Petric,,,,,,,,,,,,,,,,,,,,,,,,
,,,,,,Pisoplinthic,,,,,,,,,,,,,,,,,,,,,,,,
,,,,,,Gibbsic,,,,,,,,,,,,,,,,,,,,,,,,
,,,,,,Stagnic,,,,,,,,,,,,,,,,,,,,,,,,
,,,,,,Folic,Histic,,,,,,,,,,,,,,,,,,,,,,,
,,,,,,Mollic,Umbric,,,,,,,,,,,,,,,,,,,,,,,
,,,,,,Albic,,,,,,,,,,,,,,,,,,,,,,,,
,,,,,,Geric,,,,,,,,,,,,,,,,,,,,,,,,
,,,,,,Haplic,,,,,,,,,,,,,,,,,,,,,,,,
,,,,Supplementary qualifiers,,,,,,,,,,,,,,,,,,,,,,,,,,
,,,,,,Abruptic,,,,,,,,,,,,,,,,,,,,,,,,
,,,,,,Acric,Lixic,,,,,,,,,,,,,,,,,,,,,,,
,,,,,,Arenic,Clayic,Loamic,Siltic,,,,,,,,,,,,,,,,,,,,,
,,,,,,Aric,,,,,,,,,,,,,,,,,,,,,,,,
,,,,,,Colluvic,,,,,,,,,,,,,,,,,,,,,,,,
,,,,,,Drainic,,,,,,,,,,,,,,,,,,,,,,,,
,,,,,,Duric,,,,,,,,,,,,,,,,,,,,,,,,
,,,,,,Dystric,Eutric,,,,,,,,,,,,,,,,,,,,,,,
,,,,,,Fractic,,,,,,,,,,,,,,,,,,,,,,,,
,,,,,,Humic,Ochric,,,,,,,,,,,,,,,,,,,,,,,
,,,,,,Magnesic,,,,,,,,,,,,,,,,,,,,,,,,
,,,,,,Novic,,,,,,,,,,,,,,,,,,,,,,,,
,,,,,,Oxyaquic,,,,,,,,,,,,,,,,,,,,,,,,
,,,,,,Posic,,,,,,,,,,,,,,,,,,,,,,,,
,,,,,,Raptic,,,,,,,,,,,,,,,,,,,,,,,,
,,,,,,Technic,,,,,,,,,,,,,,,,,,,,,,,,
,,,,,,Toxic,,,,,,,,,,,,,,,,,,,,,,,,
,,,,,,Transportic,,,,,,,,,,,,,,,,,,,,,,,,
,,,,,,Vetic,,,,,,,,,,,,,,,,,,,,,,,,
,,,,,NITISOLS,,,,,,,,,,,,,,,,,,,,,,,,,
,,,,Principal qualifiers,,,,,,,,,,,,,,,,,,,,,,,,,,
,,,,,,Ferralic,Sideralic,,,,,,,,,,,,,,,,,,,,,,,
,,,,,,Ferritic,,,,,,,,,,,,,,,,,,,,,,,,
,,,,,,Rhodic,,,,,,,,,,,,,,,,,,,,,,,,
,,,,,,Hydragric,Anthraquic,Pretic,,,,,,,,,,,,,,,,,,,,,,
,,,,,,Mollic,Umbric,,,,,,,,,,,,,,,,,,,,,,,
,,,,,,Acric,Lixic,Alic,Luvic,,,,,,,,,,,,,,,,,,,,,
,,,,,,Geric,,,,,,,,,,,,,,,,,,,,,,,,
,,,,,,Dystric,Eutric,,,,,,,,,,,,,,,,,,,,,,,
,,,,Supplementary qualifiers,,,,,,,,,,,,,,,,,,,,,,,,,,
,,,,,,Andic,,,,,,,,,,,,,,,,,,,,,,,,
,,,,,,Aric,,,,,,,,,,,,,,,,,,,,,,,,
,,,,,,Colluvic,,,,,,,,,,,,,,,,,,,,,,,,
,,,,,,Densic,,,,,,,,,,,,,,,,,,,,,,,,
,,,,,,Ferric,,,,,,,,,,,,,,,,,,,,,,,,
,,,,,,Endogleyic,,,,,,,,,,,,,,,,,,,,,,,,
,,,,,,Humic,Ochric,,,,,,,,,,,,,,,,,,,,,,,
,,,,,,Magnesic,,,,,,,,,,,,,,,,,,,,,,,,
,,,,,,Novic,,,,,,,,,,,,,,,,,,,,,,,,
,,,,,,Oxyaquic,,,,,,,,,,,,,,,,,,,,,,,,
,,,,,,Posic,,,,,,,,,,,,,,,,,,,,,,,,
,,,,,,Raptic,,,,,,,,,,,,,,,,,,,,,,,,
,,,,,,Sodic,,,,,,,,,,,,,,,,,,,,,,,,
,,,,,,Endostagnic,,,,,,,,,,,,,,,,,,,,,,,,
,,,,,,Technic,,,,,,,,,,,,,,,,,,,,,,,,
,,,,,,Toxic,,,,,,,,,,,,,,,,,,,,,,,,
,,,,,,Transportic,,,,,,,,,,,,,,,,,,,,,,,,
,,,,,,Vetic,,,,,,,,,,,,,,,,,,,,,,,,
,,,,,FERRALSOLS,,,,,,,,,,,,,,,,,,,,,,,,,
,,,,Principal qualifiers,,,,,,,,,,,,,,,,,,,,,,,,,,
,,,,,,Ferritic,,,,,,,,,,,,,,,,,,,,,,,,
,,,,,,Gibbsic,,,,,,,,,,,,,,,,,,,,,,,,
,,,,,,Petroplinthic,Pisoplinthic,Plinthic,,,,,,,,,,,,,,,,,,,,,,
,,,,,,Rhodic,Xanthic,,,,,,,,,,,,,,,,,,,,,,,
,,,,,,Pretic,,,,,,,,,,,,,,,,,,,,,,,,
,,,,,,Folic,,,,,,,,,,,,,,,,,,,,,,,,
,,,,,,Mollic,Umbric,,,,,,,,,,,,,,,,,,,,,,,
,,,,,,Acric,Lixic,,,,,,,,,,,,,,,,,,,,,,,
,,,,,,Fractic,,,,,,,,,,,,,,,,,,,,,,,,
,,,,,,Skeletic,,,,,,,,,,,,,,,,,,,,,,,,
,,,,,,Geric,,,,,,,,,,,,,,,,,,,,,,,,
,,,,,,Haplic,,,,,,,,,,,,,,,,,,,,,,,,
,,,,Supplementary qualifiers,,,,,,,,,,,,,,,,,,,,,,,,,,
,,,,,,Andic,,,,,,,,,,,,,,,,,,,,,,,,
,,,,,,Arenic,Clayic,Loamic,Siltic,,,,,,,,,,,,,,,,,,,,,
,,,,,,Aric,,,,,,,,,,,,,,,,,,,,,,,,
,,,,,,Colluvic,,,,,,,,,,,,,,,,,,,,,,,,
,,,,,,Densic,,,,,,,,,,,,,,,,,,,,,,,,
,,,,,,Dystric,Eutric,,,,,,,,,,,,,,,,,,,,,,,
,,,,,,Ferric,,,,,,,,,,,,,,,,,,,,,,,,
,,,,,,Fluvic,,,,,,,,,,,,,,,,,,,,,,,,
,,,,,,Gleyic,,,,,,,,,,,,,,,,,,,,,,,,
,,,,,,Humic,Ochric,,,,,,,,,,,,,,,,,,,,,,,
,,,,,,Novic,,,,,,,,,,,,,,,,,,,,,,,,
,,,,,,Oxyaquic,,,,,,,,,,,,,,,,,,,,,,,,
,,,,,,Posic,,,,,,,,,,,,,,,,,,,,,,,,
,,,,,,Raptic,,,,,,,,,,,,,,,,,,,,,,,,
,,,,,,Sombric,,,,,,,,,,,,,,,,,,,,,,,,
,,,,,,Stagnic,,,,,,,,,,,,,,,,,,,,,,,,
,,,,,,Technic,,,,,,,,,,,,,,,,,,,,,,,,
,,,,,,Toxic,,,,,,,,,,,,,,,,,,,,,,,,
,,,,,,Transportic,,,,,,,,,,,,,,,,,,,,,,,,
,,,,,,Vetic,,,,,,,,,,,,,,,,,,,,,,,,
,,,,,PLANOSOLS,,,,,,,,,,,,,,,,,,,,,,,,,
,,,,Principal qualifiers,,,,,,,,,,,,,,,,,,,,,,,,,,
,,,,,,Reductic,,,,,,,,,,,,,,,,,,,,,,,,
,,,,,,Thionic,,,,,,,,,,,,,,,,,,,,,,,,
,,,,,,Fragic,,,,,,,,,,,,,,,,,,,,,,,,
,,,,,,Leptic,,,,,,,,,,,,,,,,,,,,,,,,
,,,,,,Hydragric,Anthraquic,,,,,,,,,,,,,,,,,,,,,,,
,,,,,,Folic,Histic,,,,,,,,,,,,,,,,,,,,,,,
,,,,,,Chernic,Mollic,Umbric,,,,,,,,,,,,,,,,,,,,,,
,,,,,,Gleyic,,,,,,,,,,,,,,,,,,,,,,,,
,,,,,,Albic,,,,,,,,,,,,,,,,,,,,,,,,
,,,,,,Fluvic,,,,,,,,,,,,,,,,,,,,,,,,
,,,,,,Columnic,,,,,,,,,,,,,,,,,,,,,,,,
,,,,,,Vertic,,,,,,,,,,,,,,,,,,,,,,,,
,,,,,,Glossic,Retic,,,,,,,,,,,,,,,,,,,,,,,
,,,,,,Acric,Lixic,Alic,Luvic,,,,,,,,,,,,,,,,,,,,,
,,,,,,Petroduric,Duric,,,,,,,,,,,,,,,,,,,,,,,
,,,,,,Calcic,,,,,,,,,,,,,,,,,,,,,,,,
,,,,,,Dolomitic,Calcaric,,,,,,,,,,,,,,,,,,,,,,,
,,,,,,Dystric,Eutric ,,,,,,,,,,,,,,,,,,,,,,,
,,,,Supplementary qualifiers,,,,,,,,,,,,,,,,,,,,,,,,,,
,,,,,,Alcalic,,,,,,,,,,,,,,,,,,,,,,,,
,,,,,,Arenic,Clayic,Loamic,Siltic,,,,,,,,,,,,,,,,,,,,,
,,,,,,Aric,,,,,,,,,,,,,,,,,,,,,,,,
,,,,,,Capillaric,,,,,,,,,,,,,,,,,,,,,,,,
,,,,,,Chromic,,,,,,,,,,,,,,,,,,,,,,,,
,,,,,,Colluvic,,,,,,,,,,,,,,,,,,,,,,,,
,,,,,,Densic,,,,,,,,,,,,,,,,,,,,,,,,
,,,,,,Drainic,,,,,,,,,,,,,,,,,,,,,,,,
,,,,,,Ferralic,Sideralic,,,,,,,,,,,,,,,,,,,,,,,
,,,,,,Ferric,,,,,,,,,,,,,,,,,,,,,,,,
,,,,,,Gelic,,,,,,,,,,,,,,,,,,,,,,,,
,,,,,,Gelistagnic,,,,,,,,,,,,,,,,,,,,,,,,
,,,,,,Geric,,,,,,,,,,,,,,,,,,,,,,,,
,,,,,,Humic,Ochric,,,,,,,,,,,,,,,,,,,,,,,
,,,,,,Inclinic,,,,,,,,,,,,,,,,,,,,,,,,
,,,,,,Magnesic,,,,,,,,,,,,,,,,,,,,,,,,
,,,,,,Nechic,,,,,,,,,,,,,,,,,,,,,,,,
,,,,,,Novic,,,,,,,,,,,,,,,,,,,,,,,,
,,,,,,Plinthic,,,,,,,,,,,,,,,,,,,,,,,,
,,,,,,Raptic,,,,,,,,,,,,,,,,,,,,,,,,
,,,,,,Skeletic,,,,,,,,,,,,,,,,,,,,,,,,
,,,,,,Sodic,,,,,,,,,,,,,,,,,,,,,,,,
,,,,,,Sulfidic,,,,,,,,,,,,,,,,,,,,,,,,
,,,,,,Technic,,,,,,,,,,,,,,,,,,,,,,,,
,,,,,,Toxic,,,,,,,,,,,,,,,,,,,,,,,,
,,,,,,Transportic,,,,,,,,,,,,,,,,,,,,,,,,
,,,,,,Turbic,,,,,,,,,,,,,,,,,,,,,,,,
,,,,,STAGNOSOLS,,,,,,,,,,,,,,,,,,,,,,,,,
,,,,Principal qualifiers,,,,,,,,,,,,,,,,,,,,,,,,,,
,,,,,,Reductic,,,,,,,,,,,,,,,,,,,,,,,,
,,,,,,Thionic,,,,,,,,,,,,,,,,,,,,,,,,
,,,,,,Fragic,,,,,,,,,,,,,,,,,,,,,,,,
,,,,,,Leptic,,,,,,,,,,,,,,,,,,,,,,,,
,,,,,,Hydragric,Anthraquic,,,,,,,,,,,,,,,,,,,,,,,
,,,,,,Folic,Histic,,,,,,,,,,,,,,,,,,,,,,,
,,,,,,Mollic,Umbric,,,,,,,,,,,,,,,,,,,,,,,
,,,,,,Gleyic,,,,,,,,,,,,,,,,,,,,,,,,
,,,,,,Albic,,,,,,,,,,,,,,,,,,,,,,,,
,,,,,,Fluvic,,,,,,,,,,,,,,,,,,,,,,,,
,,,,,,Vertic,,,,,,,,,,,,,,,,,,,,,,,,
,,,,,,Glossic,Retic,,,,,,,,,,,,,,,,,,,,,,,
,,,,,,Acric,Lixic,Alic,Luvic,,,,,,,,,,,,,,,,,,,,,
,,,,,,Calcic,,,,,,,,,,,,,,,,,,,,,,,,
,,,,,,Dolomitic,Calcaric,,,,,,,,,,,,,,,,,,,,,,,
,,,,,,Dystric,Eutric,,,,,,,,,,,,,,,,,,,,,,,
,,,,Supplementary qualifiers,,,,,,,,,,,,,,,,,,,,,,,,,,
,,,,,,Alcalic,,,,,,,,,,,,,,,,,,,,,,,,
,,,,,,Arenic,Clayic,Loamic,Siltic,,,,,,,,,,,,,,,,,,,,,
,,,,,,Aric,,,,,,,,,,,,,,,,,,,,,,,,
,,,,,,Capillaric,,,,,,,,,,,,,,,,,,,,,,,,
,,,,,,Colluvic,,,,,,,,,,,,,,,,,,,,,,,,
,,,,,,Drainic,,,,,,,,,,,,,,,,,,,,,,,,
,,,,,,Ferralic,Sideralic,,,,,,,,,,,,,,,,,,,,,,,
,,,,,,Ferric,,,,,,,,,,,,,,,,,,,,,,,,
,,,,,,Gelic,,,,,,,,,,,,,,,,,,,,,,,,
,,,,,,Gelistagnic,,,,,,,,,,,,,,,,,,,,,,,,
,,,,,,Geric,,,,,,,,,,,,,,,,,,,,,,,,
,,,,,,Humic,Ochric,,,,,,,,,,,,,,,,,,,,,,,
,,,,,,Inclinic,,,,,,,,,,,,,,,,,,,,,,,,
,,,,,,Magnesic,,,,,,,,,,,,,,,,,,,,,,,,
,,,,,,Nechic,,,,,,,,,,,,,,,,,,,,,,,,
,,,,,,Nitic,,,,,,,,,,,,,,,,,,,,,,,,
,,,,,,Novic,,,,,,,,,,,,,,,,,,,,,,,,
,,,,,,Ornithic,,,,,,,,,,,,,,,,,,,,,,,,
,,,,,,Placic,,,,,,,,,,,,,,,,,,,,,,,,
,,,,,,Plinthic,,,,,,,,,,,,,,,,,,,,,,,,
,,,,,,Raptic,,,,,,,,,,,,,,,,,,,,,,,,
,,,,,,Rhodic,Chromic,,,,,,,,,,,,,,,,,,,,,,,
,,,,,,Skeletic,,,,,,,,,,,,,,,,,,,,,,,,
,,,,,,Sodic,,,,,,,,,,,,,,,,,,,,,,,,
,,,,,,Protospodic,,,,,,,,,,,,,,,,,,,,,,,,
,,,,,,Sulfidic,,,,,,,,,,,,,,,,,,,,,,,,
,,,,,,Technic,,,,,,,,,,,,,,,,,,,,,,,,
,,,,,,Toxic,,,,,,,,,,,,,,,,,,,,,,,,
,,,,,,Transportic,,,,,,,,,,,,,,,,,,,,,,,,
,,,,,,Turbic,,,,,,,,,,,,,,,,,,,,,,,,
,,,,,CHERNOZEMS,,,,,,,,,,,,,,,,,,,,,,,,,
,,,,Principal qualifiers,,,,,,,,,,,,,,,,,,,,,,,,,,
,,,,,,Petroduric,Duric,,,,,,,,,,,,,,,,,,,,,,,
,,,,,,Petrogypsic,Gypsic,,,,,,,,,,,,,,,,,,,,,,,
,,,,,,Petrocalcic,Calcic,,,,,,,,,,,,,,,,,,,,,,,
,,,,,,Leptic,,,,,,,,,,,,,,,,,,,,,,,,
,,,,,,Hortic,,,,,,,,,,,,,,,,,,,,,,,,
,,,,,,Gleyic,,,,,,,,,,,,,,,,,,,,,,,,
,,,,,,Fluvic,,,,,,,,,,,,,,,,,,,,,,,,
,,,,,,Vertic,,,,,,,,,,,,,,,,,,,,,,,,
,,,,,,Greyzemic,,,,,,,,,,,,,,,,,,,,,,,,
,,,,,,Luvic,,,,,,,,,,,,,,,,,,,,,,,,
,,,,,,Fractic,,,,,,,,,,,,,,,,,,,,,,,,
,,,,,,Skeletic,,,,,,,,,,,,,,,,,,,,,,,,
,,,,,,Vermic,,,,,,,,,,,,,,,,,,,,,,,,
,,,,,,Haplic,,,,,,,,,,,,,,,,,,,,,,,,
,,,,Supplementary qualifiers,,,,,,,,,,,,,,,,,,,,,,,,,,
,,,,,,Andic,,,,,,,,,,,,,,,,,,,,,,,,
,,,,,,Arenic,Clayic,Loamic,Siltic,,,,,,,,,,,,,,,,,,,,,
,,,,,,Aric,,,,,,,,,,,,,,,,,,,,,,,,
,,,,,,Cambic,,,,,,,,,,,,,,,,,,,,,,,,
,,,,,,Colluvic,,,,,,,,,,,,,,,,,,,,,,,,
,,,,,,Densic,,,,,,,,,,,,,,,,,,,,,,,,
,,,,,,Hyperhumic,,,,,,,,,,,,,,,,,,,,,,,,
,,,,,,Novic,,,,,,,,,,,,,,,,,,,,,,,,
,,,,,,Oxyaquic,,,,,,,,,,,,,,,,,,,,,,,,
,,,,,,Pachic,,,,,,,,,,,,,,,,,,,,,,,,
,,,,,,Raptic,,,,,,,,,,,,,,,,,,,,,,,,
,,,,,,Endosalic,,,,,,,,,,,,,,,,,,,,,,,,
,,,,,,Sodic,,,,,,,,,,,,,,,,,,,,,,,,
,,,,,,Stagnic,,,,,,,,,,,,,,,,,,,,,,,,
,,,,,,Technic,,,,,,,,,,,,,,,,,,,,,,,,
,,,,,,Tephric,,,,,,,,,,,,,,,,,,,,,,,,
,,,,,,Tonguic,,,,,,,,,,,,,,,,,,,,,,,,
,,,,,,Transportic,,,,,,,,,,,,,,,,,,,,,,,,
,,,,,,Turbic,,,,,,,,,,,,,,,,,,,,,,,,
,,,,,,Vitric,,,,,,,,,,,,,,,,,,,,,,,,
,,,,,KASTANOZEMS,,,,,,,,,,,,,,,,,,,,,,,,,
,,,,Principal qualifiers,,,,,,,,,,,,,,,,,,,,,,,,,,
,,,,,,Someric,,,,,,,,,,,,,,,,,,,,,,,,
,,,,,,Petroduric,Duric,,,,,,,,,,,,,,,,,,,,,,,
,,,,,,Petrogypsic,Gypsic,,,,,,,,,,,,,,,,,,,,,,,
,,,,,,Petrocalcic,Calcic,,,,,,,,,,,,,,,,,,,,,,,
,,,,,,Leptic,,,,,,,,,,,,,,,,,,,,,,,,
,,,,,,Hortic,Terric,,,,,,,,,,,,,,,,,,,,,,,
,,,,,,Gleyic,,,,,,,,,,,,,,,,,,,,,,,,
,,,,,,Fluvic,,,,,,,,,,,,,,,,,,,,,,,,
,,,,,,Vertic,,,,,,,,,,,,,,,,,,,,,,,,
,,,,,,Greyzemic,,,,,,,,,,,,,,,,,,,,,,,,
,,,,,,Luvic,,,,,,,,,,,,,,,,,,,,,,,,
,,,,,,Fractic,,,,,,,,,,,,,,,,,,,,,,,,
,,,,,,Skeletic,,,,,,,,,,,,,,,,,,,,,,,,
,,,,,,Vermic,,,,,,,,,,,,,,,,,,,,,,,,
,,,,,,Haplic,,,,,,,,,,,,,,,,,,,,,,,,
,,,,Supplementary qualifiers,,,,,,,,,,,,,,,,,,,,,,,,,,
,,,,,,Andic,,,,,,,,,,,,,,,,,,,,,,,,
,,,,,,Anthric,,,,,,,,,,,,,,,,,,,,,,,,
,,,,,,Arenic,Clayic,Loamic,Siltic,,,,,,,,,,,,,,,,,,,,,
,,,,,,Aric,,,,,,,,,,,,,,,,,,,,,,,,
,,,,,,Cambic,,,,,,,,,,,,,,,,,,,,,,,,
,,,,,,Chromic,,,,,,,,,,,,,,,,,,,,,,,,
,,,,,,Colluvic,,,,,,,,,,,,,,,,,,,,,,,,
,,,,,,Densic,,,,,,,,,,,,,,,,,,,,,,,,
,,,,,,Hyperhumic,,,,,,,,,,,,,,,,,,,,,,,,
,,,,,,Novic,,,,,,,,,,,,,,,,,,,,,,,,
,,,,,,Oxyaquic,,,,,,,,,,,,,,,,,,,,,,,,
,,,,,,Pachic,,,,,,,,,,,,,,,,,,,,,,,,
,,,,,,Raptic,,,,,,,,,,,,,,,,,,,,,,,,
,,,,,,Endosalic,,,,,,,,,,,,,,,,,,,,,,,,
,,,,,,Sodic,,,,,,,,,,,,,,,,,,,,,,,,
,,,,,,Stagnic,,,,,,,,,,,,,,,,,,,,,,,,
,,,,,,Technic,,,,,,,,,,,,,,,,,,,,,,,,
,,,,,,Tephric,,,,,,,,,,,,,,,,,,,,,,,,
,,,,,,Tonguic,,,,,,,,,,,,,,,,,,,,,,,,
,,,,,,Transportic,,,,,,,,,,,,,,,,,,,,,,,,
,,,,,,Turbic,,,,,,,,,,,,,,,,,,,,,,,,
,,,,,,Vitric,,,,,,,,,,,,,,,,,,,,,,,,
,,,,,PHAEOZEMS,,,,,,,,,,,,,,,,,,,,,,,,,
,,,,Principal qualifiers,,,,,,,,,,,,,,,,,,,,,,,,,,
,,,,,,Rendzic,,,,,,,,,,,,,,,,,,,,,,,,
,,,,,,Chernic,Someric,,,,,,,,,,,,,,,,,,,,,,,
,,,,,,Petroduric,Duric,,,,,,,,,,,,,,,,,,,,,,,
,,,,,,Petrogypsic,,,,,,,,,,,,,,,,,,,,,,,,
,,,,,,Petrocalcic,Endocalcic,,,,,,,,,,,,,,,,,,,,,,,
,,,,,,Leptic,,,,,,,,,,,,,,,,,,,,,,,,
,,,,,,Irragric,Hortic,Pretic,Terric,,,,,,,,,,,,,,,,,,,,,
,,,,,,Folic,,,,,,,,,,,,,,,,,,,,,,,,
,,,,,,Gleyic,,,,,,,,,,,,,,,,,,,,,,,,
,,,,,,Stagnic,,,,,,,,,,,,,,,,,,,,,,,,
,,,,,,Fluvic,,,,,,,,,,,,,,,,,,,,,,,,
,,,,,,Vertic,,,,,,,,,,,,,,,,,,,,,,,,
,,,,,,Greyzemic,,,,,,,,,,,,,,,,,,,,,,,,
,,,,,,Glossic,Retic,,,,,,,,,,,,,,,,,,,,,,,
,,,,,,Luvic,,,,,,,,,,,,,,,,,,,,,,,,
,,,,,,Cambic,,,,,,,,,,,,,,,,,,,,,,,,
,,,,,,Fractic,,,,,,,,,,,,,,,,,,,,,,,,
,,,,,,Skeletic,,,,,,,,,,,,,,,,,,,,,,,,
,,,,,,Vermic,,,,,,,,,,,,,,,,,,,,,,,,
,,,,,,Gypsiric,,,,,,,,,,,,,,,,,,,,,,,,
,,,,,,Dolomitic,Calcaric,,,,,,,,,,,,,,,,,,,,,,,
,,,,,,Haplic,,,,,,,,,,,,,,,,,,,,,,,,
,,,,Supplementary qualifiers,,,,,,,,,,,,,,,,,,,,,,,,,,
,,,,,,Abruptic,,,,,,,,,,,,,,,,,,,,,,,,
,,,,,,Albic,,,,,,,,,,,,,,,,,,,,,,,,
,,,,,,Andic,,,,,,,,,,,,,,,,,,,,,,,,
,,,,,,Anthric,,,,,,,,,,,,,,,,,,,,,,,,
,,,,,,Arenic,Clayic,Loamic,Siltic,,,,,,,,,,,,,,,,,,,,,
,,,,,,Aric,,,,,,,,,,,,,,,,,,,,,,,,
,,,,,,Colluvic,,,,,,,,,,,,,,,,,,,,,,,,
,,,,,,Columnic,,,,,,,,,,,,,,,,,,,,,,,,
,,,,,,Densic,,,,,,,,,,,,,,,,,,,,,,,,
,,,,,,Ferralic,Sideralic,,,,,,,,,,,,,,,,,,,,,,,
,,,,,,Hyperhumic,,,,,,,,,,,,,,,,,,,,,,,,
,,,,,,Isolatic,,,,,,,,,,,,,,,,,,,,,,,,
,,,,,,Nechic,,,,,,,,,,,,,,,,,,,,,,,,
,,,,,,Novic,,,,,,,,,,,,,,,,,,,,,,,,
,,,,,,Oxyaquic,,,,,,,,,,,,,,,,,,,,,,,,
,,,,,,Pachic,,,,,,,,,,,,,,,,,,,,,,,,
,,,,,,Raptic,,,,,,,,,,,,,,,,,,,,,,,,
,,,,,,Relocatic,,,,,,,,,,,,,,,,,,,,,,,,
,,,,,,Rhodic,Chromic,,,,,,,,,,,,,,,,,,,,,,,
,,,,,,Endosalic,,,,,,,,,,,,,,,,,,,,,,,,
,,,,,,Sodic,,,,,,,,,,,,,,,,,,,,,,,,
,,,,,,Technic,,,,,,,,,,,,,,,,,,,,,,,,
,,,,,,Tephric,,,,,,,,,,,,,,,,,,,,,,,,
,,,,,,Tonguic,,,,,,,,,,,,,,,,,,,,,,,,
,,,,,,Transportic,,,,,,,,,,,,,,,,,,,,,,,,
,,,,,,Turbic,,,,,,,,,,,,,,,,,,,,,,,,
,,,,,,Vitric,,,,,,,,,,,,,,,,,,,,,,,,
,,,,,UMBRISOLS,,,,,,,,,,,,,,,,,,,,,,,,,
,,,,Principal qualifiers,,,,,,,,,,,,,,,,,,,,,,,,,,
,,,,,,Chernic,Someric,,,,,,,,,,,,,,,,,,,,,,,
,,,,,,Fragic,,,,,,,,,,,,,,,,,,,,,,,,
,,,,,,Leptic,,,,,,,,,,,,,,,,,,,,,,,,
,,,,,,Hortic,Plaggic,Pretic,Terric,,,,,,,,,,,,,,,,,,,,,
,,,,,,Mollic,,,,,,,,,,,,,,,,,,,,,,,,
,,,,,,Folic,Histic,,,,,,,,,,,,,,,,,,,,,,,
,,,,,,Gleyic,,,,,,,,,,,,,,,,,,,,,,,,
,,,,,,Stagnic,,,,,,,,,,,,,,,,,,,,,,,,
,,,,,,Fluvic,,,,,,,,,,,,,,,,,,,,,,,,
,,,,,,Greyzemic,,,,,,,,,,,,,,,,,,,,,,,,
,,,,,,Glossic,Retic,,,,,,,,,,,,,,,,,,,,,,,
,,,,,,Acric,Lixic,Alic,Luvic,,,,,,,,,,,,,,,,,,,,,
,,,,,,Cambic,Brunic,,,,,,,,,,,,,,,,,,,,,,,
,,,,,,Skeletic,,,,,,,,,,,,,,,,,,,,,,,,
,,,,,,Endodolomitic,Endocalcaric,,,,,,,,,,,,,,,,,,,,,,,
,,,,,,Haplic ,,,,,,,,,,,,,,,,,,,,,,,,
,,,,Supplementary qualifiers,,,,,,,,,,,,,,,,,,,,,,,,,,
,,,,,,Abruptic,,,,,,,,,,,,,,,,,,,,,,,,
,,,,,,Albic,,,,,,,,,,,,,,,,,,,,,,,,
,,,,,,Andic,,,,,,,,,,,,,,,,,,,,,,,,
,,,,,,Anthric,,,,,,,,,,,,,,,,,,,,,,,,
,,,,,,Arenic,Clayic,Loamic,Siltic,,,,,,,,,,,,,,,,,,,,,
,,,,,,Aric,,,,,,,,,,,,,,,,,,,,,,,,
,,,,,,Colluvic,,,,,,,,,,,,,,,,,,,,,,,,
,,,,,,Densic,,,,,,,,,,,,,,,,,,,,,,,,
,,,,,,Drainic,,,,,,,,,,,,,,,,,,,,,,,,
,,,,,,Hyperdystric,Endoeutric,,,,,,,,,,,,,,,,,,,,,,,
,,,,,,Ferralic,Sideralic,,,,,,,,,,,,,,,,,,,,,,,
,,,,,,Gelic,,,,,,,,,,,,,,,,,,,,,,,,
,,,,,,Hyperhumic,,,,,,,,,,,,,,,,,,,,,,,,
,,,,,,Isolatic,,,,,,,,,,,,,,,,,,,,,,,,
,,,,,,Lamellic,,,,,,,,,,,,,,,,,,,,,,,,
,,,,,,Laxic,,,,,,,,,,,,,,,,,,,,,,,,
,,,,,,Nechic,,,,,,,,,,,,,,,,,,,,,,,,
,,,,,,Novic,,,,,,,,,,,,,,,,,,,,,,,,
,,,,,,Ornithic,,,,,,,,,,,,,,,,,,,,,,,,
,,,,,,Oxyaquic,,,,,,,,,,,,,,,,,,,,,,,,
,,,,,,Pachic,,,,,,,,,,,,,,,,,,,,,,,,
,,,,,,Placic,,,,,,,,,,,,,,,,,,,,,,,,
,,,,,,Raptic,,,,,,,,,,,,,,,,,,,,,,,,
,,,,,,Relocatic,,,,,,,,,,,,,,,,,,,,,,,,
,,,,,,Rhodic,Chromic,,,,,,,,,,,,,,,,,,,,,,,
,,,,,,Protospodic,,,,,,,,,,,,,,,,,,,,,,,,
,,,,,,Sulfidic,,,,,,,,,,,,,,,,,,,,,,,,
,,,,,,Technic,,,,,,,,,,,,,,,,,,,,,,,,
,,,,,,Thionic,,,,,,,,,,,,,,,,,,,,,,,,
,,,,,,Tonguic,,,,,,,,,,,,,,,,,,,,,,,,
,,,,,,Toxic,,,,,,,,,,,,,,,,,,,,,,,,
,,,,,,Transportic,,,,,,,,,,,,,,,,,,,,,,,,
,,,,,,Turbic,,,,,,,,,,,,,,,,,,,,,,,,
,,,,,,Vitric,,,,,,,,,,,,,,,,,,,,,,,,
,,,,,DURISOLS,,,,,,,,,,,,,,,,,,,,,,,,,
,,,,Principal qualifiers,,,,,,,,,,,,,,,,,,,,,,,,,,
,,,,,,Petric,,,,,,,,,,,,,,,,,,,,,,,,
,,,,,,Petrogypsic,Gypsic,,,,,,,,,,,,,,,,,,,,,,,
,,,,,,Petrocalcic,Calcic,,,,,,,,,,,,,,,,,,,,,,,
,,,,,,Leptic,,,,,,,,,,,,,,,,,,,,,,,,
,,,,,,Acric,Lixic,Alic,Luvic,,,,,,,,,,,,,,,,,,,,,
,,,,,,Hyperskeletic,Skeletic,,,,,,,,,,,,,,,,,,,,,,,
,,,,,,Dystric,Eutric,,,,,,,,,,,,,,,,,,,,,,,
,,,,Supplementary qualifiers,,,,,,,,,,,,,,,,,,,,,,,,,,
,,,,,,Albic,,,,,,,,,,,,,,,,,,,,,,,,
,,,,,,Arenic,Clayic,Loamic,Siltic,,,,,,,,,,,,,,,,,,,,,
,,,,,,Aric,,,,,,,,,,,,,,,,,,,,,,,,
,,,,,,Chromic,,,,,,,,,,,,,,,,,,,,,,,,
,,,,,,Fractic,,,,,,,,,,,,,,,,,,,,,,,,
,,,,,,Gleyic,,,,,,,,,,,,,,,,,,,,,,,,
,,,,,,Novic,,,,,,,,,,,,,,,,,,,,,,,,
,,,,,,Ochric,,,,,,,,,,,,,,,,,,,,,,,,
,,,,,,Raptic,,,,,,,,,,,,,,,,,,,,,,,,
,,,,,,Endosalic,,,,,,,,,,,,,,,,,,,,,,,,
,,,,,,Sodic,,,,,,,,,,,,,,,,,,,,,,,,
,,,,,,Stagnic,,,,,,,,,,,,,,,,,,,,,,,,
,,,,,,Takyric,Yermic,Aridic,,,,,,,,,,,,,,,,,,,,,,
,,,,,,Technic,,,,,,,,,,,,,,,,,,,,,,,,
,,,,,,Toxic,,,,,,,,,,,,,,,,,,,,,,,,
,,,,,,Transportic,,,,,,,,,,,,,,,,,,,,,,,,
,,,,,,Vertic,,,,,,,,,,,,,,,,,,,,,,,,
,,,,,GYPSISOLS,,,,,,,,,,,,,,,,,,,,,,,,,
,,,,Principal qualifiers,,,,,,,,,,,,,,,,,,,,,,,,,,
,,,,,,Petric,,,,,,,,,,,,,,,,,,,,,,,,
,,,,,,Petrocalcic,Calcic,,,,,,,,,,,,,,,,,,,,,,,
,,,,,,Leptic,,,,,,,,,,,,,,,,,,,,,,,,
,,,,,,Lixic,Luvic,,,,,,,,,,,,,,,,,,,,,,,
,,,,,,Hyperskeletic,Skeletic,,,,,,,,,,,,,,,,,,,,,,,
,,,,,,Haplic,,,,,,,,,,,,,,,,,,,,,,,,
,,,,Supplementary qualifiers,,,,,,,,,,,,,,,,,,,,,,,,,,
,,,,,,Albic,,,,,,,,,,,,,,,,,,,,,,,,
,,,,,,Arenic,Clayic,Loamic,Siltic,,,,,,,,,,,,,,,,,,,,,
,,,,,,Aric,,,,,,,,,,,,,,,,,,,,,,,,
,,,,,,Arzic,,,,,,,,,,,,,,,,,,,,,,,,
,,,,,,Fluvic,,,,,,,,,,,,,,,,,,,,,,,,
,,,,,,Fractic,,,,,,,,,,,,,,,,,,,,,,,,
,,,,,,Gleyic,,,,,,,,,,,,,,,,,,,,,,,,
,,,,,,Hypergypsic,Hypogypsic,,,,,,,,,,,,,,,,,,,,,,,
,,,,,,Novic,,,,,,,,,,,,,,,,,,,,,,,,
,,,,,,Ochric,,,,,,,,,,,,,,,,,,,,,,,,
,,,,,,Raptic,,,,,,,,,,,,,,,,,,,,,,,,
,,,,,,Endosalic,,,,,,,,,,,,,,,,,,,,,,,,
,,,,,,Sodic,,,,,,,,,,,,,,,,,,,,,,,,
,,,,,,Stagnic,,,,,,,,,,,,,,,,,,,,,,,,
,,,,,,Takyric,Yermic,Aridic,,,,,,,,,,,,,,,,,,,,,,
,,,,,,Technic,,,,,,,,,,,,,,,,,,,,,,,,
,,,,,,Toxic,,,,,,,,,,,,,,,,,,,,,,,,
,,,,,,Transportic,,,,,,,,,,,,,,,,,,,,,,,,
,,,,,,Turbic,,,,,,,,,,,,,,,,,,,,,,,,
,,,,,,Vertic,,,,,,,,,,,,,,,,,,,,,,,,
,,,,,CALCISOLS,,,,,,,,,,,,,,,,,,,,,,,,,
,,,,Principal qualifiers,,,,,,,,,,,,,,,,,,,,,,,,,,
,,,,,,Petric,,,,,,,,,,,,,,,,,,,,,,,,
,,,,,,Leptic,,,,,,,,,,,,,,,,,,,,,,,,
,,,,,,Gypsic,,,,,,,,,,,,,,,,,,,,,,,,
,,,,,,Lixic,Luvic,,,,,,,,,,,,,,,,,,,,,,,
,,,,,,Cambic,,,,,,,,,,,,,,,,,,,,,,,,
,,,,,,Hyperskeletic,Skeletic,,,,,,,,,,,,,,,,,,,,,,,
,,,,,,Haplic,,,,,,,,,,,,,,,,,,,,,,,,
,,,,Supplementary qualifiers,,,,,,,,,,,,,,,,,,,,,,,,,,
,,,,,,Albic,,,,,,,,,,,,,,,,,,,,,,,,
,,,,,,Arenic,Clayic,Loamic,Siltic,,,,,,,,,,,,,,,,,,,,,
,,,,,,Aric,,,,,,,,,,,,,,,,,,,,,,,,
,,,,,,Hypercalcic,Hypocalcic,,,,,,,,,,,,,,,,,,,,,,,
,,,,,,Densic,,,,,,,,,,,,,,,,,,,,,,,,
,,,,,,Fluvic,,,,,,,,,,,,,,,,,,,,,,,,
,,,,,,Fractic,,,,,,,,,,,,,,,,,,,,,,,,
,,,,,,Gleyic,,,,,,,,,,,,,,,,,,,,,,,,
,,,,,,Novic,,,,,,,,,,,,,,,,,,,,,,,,
,,,,,,Ochric,,,,,,,,,,,,,,,,,,,,,,,,
,,,,,,Raptic,,,,,,,,,,,,,,,,,,,,,,,,
,,,,,,Rhodic,Chromic,,,,,,,,,,,,,,,,,,,,,,,
,,,,,,Endosalic,,,,,,,,,,,,,,,,,,,,,,,,
,,,,,,Sodic,,,,,,,,,,,,,,,,,,,,,,,,
,,,,,,Stagnic,,,,,,,,,,,,,,,,,,,,,,,,
,,,,,,Takyric,Yermic,Aridic,,,,,,,,,,,,,,,,,,,,,,
,,,,,,Technic,,,,,,,,,,,,,,,,,,,,,,,,
,,,,,,Toxic,,,,,,,,,,,,,,,,,,,,,,,,
,,,,,,Transportic,,,,,,,,,,,,,,,,,,,,,,,,
,,,,,,Turbic,,,,,,,,,,,,,,,,,,,,,,,,
,,,,,,Vertic,,,,,,,,,,,,,,,,,,,,,,,,
,,,,,RETISOLS,,,,,,,,,,,,,,,,,,,,,,,,,
,,,,Principal qualifiers,,,,,,,,,,,,,,,,,,,,,,,,,,
,,,,,,Fragic,,,,,,,,,,,,,,,,,,,,,,,,
,,,,,,Glossic,,,,,,,,,,,,,,,,,,,,,,,,
,,,,,,Leptic,,,,,,,,,,,,,,,,,,,,,,,,
,,,,,,Plaggic,Pretic,Terric,,,,,,,,,,,,,,,,,,,,,,
,,,,,,Folic,Histic,,,,,,,,,,,,,,,,,,,,,,,
,,,,,,Gleyic,,,,,,,,,,,,,,,,,,,,,,,,
,,,,,,Stagnic,,,,,,,,,,,,,,,,,,,,,,,,
,,,,,,Sideralic,,,,,,,,,,,,,,,,,,,,,,,,
,,,,,,Nudiargic,,,,,,,,,,,,,,,,,,,,,,,,
,,,,,,Neocambic,,,,,,,,,,,,,,,,,,,,,,,,
,,,,,,Albic,,,,,,,,,,,,,,,,,,,,,,,,
,,,,,,Skeletic,,,,,,,,,,,,,,,,,,,,,,,,
,,,,,,Endodolomitic,Endocalcaric,,,,,,,,,,,,,,,,,,,,,,,
,,,,,,Dystric,Eutric,,,,,,,,,,,,,,,,,,,,,,,
,,,,Supplementary qualifiers,,,,,,,,,,,,,,,,,,,,,,,,,,
,,,,,,Abruptic,,,,,,,,,,,,,,,,,,,,,,,,
,,,,,,Arenic,Clayic,Loamic,Siltic,,,,,,,,,,,,,,,,,,,,,
,,,,,,Aric,,,,,,,,,,,,,,,,,,,,,,,,
,,,,,,Colluvic,,,,,,,,,,,,,,,,,,,,,,,,
,,,,,,Cutanic,,,,,,,,,,,,,,,,,,,,,,,,
,,,,,,Densic,,,,,,,,,,,,,,,,,,,,,,,,
,,,,,,Differentic,,,,,,,,,,,,,,,,,,,,,,,,
,,,,,,Drainic,,,,,,,,,,,,,,,,,,,,,,,,
,,,,,,Gelic,,,,,,,,,,,,,,,,,,,,,,,,
,,,,,,Humic,Ochric,,,,,,,,,,,,,,,,,,,,,,,
,,,,,,Nechic,,,,,,,,,,,,,,,,,,,,,,,,
,,,,,,Novic,,,,,,,,,,,,,,,,,,,,,,,,
,,,,,,Oxyaquic,,,,,,,,,,,,,,,,,,,,,,,,
,,,,,,Profondic,,,,,,,,,,,,,,,,,,,,,,,,
,,,,,,Raptic,,,,,,,,,,,,,,,,,,,,,,,,
,,,,,,Protospodic,,,,,,,,,,,,,,,,,,,,,,,,
,,,,,,Technic,,,,,,,,,,,,,,,,,,,,,,,,
,,,,,,Toxic,,,,,,,,,,,,,,,,,,,,,,,,
,,,,,,Transportic,,,,,,,,,,,,,,,,,,,,,,,,
,,,,,,Turbic,,,,,,,,,,,,,,,,,,,,,,,,
,,,,,ACRISOLS,,,,,,,,,,,,,,,,,,,,,,,,,
,,,,Principal qualifiers,,,,,,,,,,,,,,,,,,,,,,,,,,
,,,,,,Abruptic,,,,,,,,,,,,,,,,,,,,,,,,
,,,,,,Fragic,,,,,,,,,,,,,,,,,,,,,,,,
,,,,,,Leptic,,,,,,,,,,,,,,,,,,,,,,,,
,,,,,,Petroplinthic,Pisoplinthic,Plinthic,,,,,,,,,,,,,,,,,,,,,,
,,,,,,Hydragric,Anthraquic,Pretic,Terric,,,,,,,,,,,,,,,,,,,,,
,,,,,,Gleyic,,,,,,,,,,,,,,,,,,,,,,,,
,,,,,,Stagnic,,,,,,,,,,,,,,,,,,,,,,,,
,,,,,,Ferralic,,,,,,,,,,,,,,,,,,,,,,,,
,,,,,,Nudiargic,,,,,,,,,,,,,,,,,,,,,,,,
,,,,,,Lamellic,,,,,,,,,,,,,,,,,,,,,,,,
,,,,,,Albic,,,,,,,,,,,,,,,,,,,,,,,,
,,,,,,Ferric,,,,,,,,,,,,,,,,,,,,,,,,
,,,,,,Rhodic,Chromic,Xanthic,,,,,,,,,,,,,,,,,,,,,,
,,,,,,Fractic,,,,,,,,,,,,,,,,,,,,,,,,
,,,,,,Skeletic,,,,,,,,,,,,,,,,,,,,,,,,
,,,,,,Haplic,,,,,,,,,,,,,,,,,,,,,,,,
,,,,Supplementary qualifiers,,,,,,,,,,,,,,,,,,,,,,,,,,
,,,,,,Andic,,,,,,,,,,,,,,,,,,,,,,,,
,,,,,,Arenic,Clayic,Loamic,Siltic,,,,,,,,,,,,,,,,,,,,,
,,,,,,Aric,,,,,,,,,,,,,,,,,,,,,,,,
,,,,,,Neocambic,,,,,,,,,,,,,,,,,,,,,,,,
,,,,,,Colluvic,,,,,,,,,,,,,,,,,,,,,,,,
,,,,,,Cutanic,,,,,,,,,,,,,,,,,,,,,,,,
,,,,,,Densic,,,,,,,,,,,,,,,,,,,,,,,,
,,,,,,Differentic,,,,,,,,,,,,,,,,,,,,,,,,
,,,,,,Hyperdystric,Epieutric,,,,,,,,,,,,,,,,,,,,,,,
,,,,,,Gibbsic,,,,,,,,,,,,,,,,,,,,,,,,
,,,,,,Humic,Ochric,,,,,,,,,,,,,,,,,,,,,,,
,,,,,,Magnesic,,,,,,,,,,,,,,,,,,,,,,,,
,,,,,,Nechic,,,,,,,,,,,,,,,,,,,,,,,,
,,,,,,Nitic,,,,,,,,,,,,,,,,,,,,,,,,
,,,,,,Novic,,,,,,,,,,,,,,,,,,,,,,,,
,,,,,,Oxyaquic,,,,,,,,,,,,,,,,,,,,,,,,
,,,,,,Profondic,,,,,,,,,,,,,,,,,,,,,,,,
,,,,,,Raptic,,,,,,,,,,,,,,,,,,,,,,,,
,,,,,,Sombric,,,,,,,,,,,,,,,,,,,,,,,,
,,,,,,Technic,,,,,,,,,,,,,,,,,,,,,,,,
,,,,,,Toxic,,,,,,,,,,,,,,,,,,,,,,,,
,,,,,,Transportic,,,,,,,,,,,,,,,,,,,,,,,,
,,,,,,Vetic,,,,,,,,,,,,,,,,,,,,,,,,
,,,,,,Vitric,,,,,,,,,,,,,,,,,,,,,,,,
,,,,,LIXISOLS,,,,,,,,,,,,,,,,,,,,,,,,,
,,,,Principal qualifiers,,,,,,,,,,,,,,,,,,,,,,,,,,
,,,,,,Abruptic,,,,,,,,,,,,,,,,,,,,,,,,
,,,,,,Fragic,,,,,,,,,,,,,,,,,,,,,,,,
,,,,,,Leptic,,,,,,,,,,,,,,,,,,,,,,,,
,,,,,,Petroplinthic,Pisoplinthic,Plinthic,,,,,,,,,,,,,,,,,,,,,,
,,,,,,Hydragric,Anthraquic,Pretic,Terric,,,,,,,,,,,,,,,,,,,,,
,,,,,,Gleyic,,,,,,,,,,,,,,,,,,,,,,,,
,,,,,,Stagnic,,,,,,,,,,,,,,,,,,,,,,,,
,,,,,,Ferralic,,,,,,,,,,,,,,,,,,,,,,,,
,,,,,,Nudiargic,,,,,,,,,,,,,,,,,,,,,,,,
,,,,,,Lamellic,,,,,,,,,,,,,,,,,,,,,,,,
,,,,,,Albic,,,,,,,,,,,,,,,,,,,,,,,,
,,,,,,Ferric,,,,,,,,,,,,,,,,,,,,,,,,
,,,,,,Rhodic,Chromic,Xanthic,,,,,,,,,,,,,,,,,,,,,,
,,,,,,Gypsic,,,,,,,,,,,,,,,,,,,,,,,,
,,,,,,Calcic,,,,,,,,,,,,,,,,,,,,,,,,
,,,,,,Fractic,,,,,,,,,,,,,,,,,,,,,,,,
,,,,,,Skeletic,,,,,,,,,,,,,,,,,,,,,,,,
,,,,,,Haplic,,,,,,,,,,,,,,,,,,,,,,,,
,,,,Supplementary qualifiers,,,,,,,,,,,,,,,,,,,,,,,,,,
,,,,,,Andic,,,,,,,,,,,,,,,,,,,,,,,,
,,,,,,Arenic,Clayic,Loamic,Siltic,,,,,,,,,,,,,,,,,,,,,
,,,,,,Aric,,,,,,,,,,,,,,,,,,,,,,,,
,,,,,,Aridic,,,,,,,,,,,,,,,,,,,,,,,,
,,,,,,Neocambic,,,,,,,,,,,,,,,,,,,,,,,,
,,,,,,Colluvic,,,,,,,,,,,,,,,,,,,,,,,,
,,,,,,Cutanic,,,,,,,,,,,,,,,,,,,,,,,,
,,,,,,Densic,,,,,,,,,,,,,,,,,,,,,,,,
,,,,,,Differentic,,,,,,,,,,,,,,,,,,,,,,,,
,,,,,,Epidystric,Hypereutric,,,,,,,,,,,,,,,,,,,,,,,
,,,,,,Gibbsic,,,,,,,,,,,,,,,,,,,,,,,,
,,,,,,Humic,Ochric,,,,,,,,,,,,,,,,,,,,,,,
,,,,,,Magnesic,,,,,,,,,,,,,,,,,,,,,,,,
,,,,,,Nechic,,,,,,,,,,,,,,,,,,,,,,,,
,,,,,,Nitic,,,,,,,,,,,,,,,,,,,,,,,,
,,,,,,Novic,,,,,,,,,,,,,,,,,,,,,,,,
,,,,,,Oxyaquic,,,,,,,,,,,,,,,,,,,,,,,,
,,,,,,Profondic,,,,,,,,,,,,,,,,,,,,,,,,
,,,,,,Raptic,,,,,,,,,,,,,,,,,,,,,,,,
,,,,,,Sodic,,,,,,,,,,,,,,,,,,,,,,,,
,,,,,,Technic,,,,,,,,,,,,,,,,,,,,,,,,
,,,,,,Toxic,,,,,,,,,,,,,,,,,,,,,,,,
,,,,,,Transportic,,,,,,,,,,,,,,,,,,,,,,,,
,,,,,,Vetic,,,,,,,,,,,,,,,,,,,,,,,,
,,,,,,Vitric,,,,,,,,,,,,,,,,,,,,,,,,
,,,,,ALISOLS,,,,,,,,,,,,,,,,,,,,,,,,,
,,,,Principal qualifiers,,,,,,,,,,,,,,,,,,,,,,,,,,
,,,,,,Abruptic,,,,,,,,,,,,,,,,,,,,,,,,
,,,,,,Fragic,,,,,,,,,,,,,,,,,,,,,,,,
,,,,,,Leptic,,,,,,,,,,,,,,,,,,,,,,,,
,,,,,,Petroplinthic,Pisoplinthic,Plinthic,,,,,,,,,,,,,,,,,,,,,,
,,,,,,Hydragric,Anthraquic,Plaggic,Pretic,,,,,,,,,,,,,,,,,,,,,
,,,,,,Gleyic,,,,,,,,,,,,,,,,,,,,,,,,
,,,,,,Stagnic,,,,,,,,,,,,,,,,,,,,,,,,
,,,,,,Vertic,,,,,,,,,,,,,,,,,,,,,,,,
,,,,,,Nudiargic,,,,,,,,,,,,,,,,,,,,,,,,
,,,,,,Lamellic,,,,,,,,,,,,,,,,,,,,,,,,
,,,,,,Albic,,,,,,,,,,,,,,,,,,,,,,,,
,,,,,,Ferric,,,,,,,,,,,,,,,,,,,,,,,,
,,,,,,Rhodic,Chromic,,,,,,,,,,,,,,,,,,,,,,,
,,,,,,Fractic,,,,,,,,,,,,,,,,,,,,,,,,
,,,,,,Skeletic,,,,,,,,,,,,,,,,,,,,,,,,
,,,,,,Haplic,,,,,,,,,,,,,,,,,,,,,,,,
,,,,Supplementary qualifiers,,,,,,,,,,,,,,,,,,,,,,,,,,
,,,,,,Andic,,,,,,,,,,,,,,,,,,,,,,,,
,,,,,,Arenic,Clayic,Loamic,Siltic,,,,,,,,,,,,,,,,,,,,,
,,,,,,Aric,,,,,,,,,,,,,,,,,,,,,,,,
,,,,,,Neocambic,,,,,,,,,,,,,,,,,,,,,,,,
,,,,,,Colluvic,,,,,,,,,,,,,,,,,,,,,,,,
,,,,,,Cutanic,,,,,,,,,,,,,,,,,,,,,,,,
,,,,,,Densic,,,,,,,,,,,,,,,,,,,,,,,,
,,,,,,Differentic,,,,,,,,,,,,,,,,,,,,,,,,
,,,,,,Hyperdystric,Epieutric,,,,,,,,,,,,,,,,,,,,,,,
,,,,,,Fluvic,,,,,,,,,,,,,,,,,,,,,,,,
,,,,,,Gelic,,,,,,,,,,,,,,,,,,,,,,,,
,,,,,,Humic,Ochric,,,,,,,,,,,,,,,,,,,,,,,
,,,,,,Hyperalic,,,,,,,,,,,,,,,,,,,,,,,,
,,,,,,Magnesic,,,,,,,,,,,,,,,,,,,,,,,,
,,,,,,Nechic,,,,,,,,,,,,,,,,,,,,,,,,
,,,,,,Nitic,,,,,,,,,,,,,,,,,,,,,,,,
,,,,,,Novic,,,,,,,,,,,,,,,,,,,,,,,,
,,,,,,Oxyaquic,,,,,,,,,,,,,,,,,,,,,,,,
,,,,,,Profondic,,,,,,,,,,,,,,,,,,,,,,,,
,,,,,,Raptic,,,,,,,,,,,,,,,,,,,,,,,,
,,,,,,Protospodic,,,,,,,,,,,,,,,,,,,,,,,,
,,,,,,Technic,,,,,,,,,,,,,,,,,,,,,,,,
,,,,,,Toxic,,,,,,,,,,,,,,,,,,,,,,,,
,,,,,,Transportic,,,,,,,,,,,,,,,,,,,,,,,,
,,,,,,Turbic,,,,,,,,,,,,,,,,,,,,,,,,
,,,,,,Vitric,,,,,,,,,,,,,,,,,,,,,,,,
,,,,,LUVISOLS,,,,,,,,,,,,,,,,,,,,,,,,,
,,,,Principal qualifiers,,,,,,,,,,,,,,,,,,,,,,,,,,
,,,,,,Abruptic,,,,,,,,,,,,,,,,,,,,,,,,
,,,,,,Fragic,,,,,,,,,,,,,,,,,,,,,,,,
,,,,,,Leptic,,,,,,,,,,,,,,,,,,,,,,,,
,,,,,,Petroplinthic,Pisoplinthic,Plinthic,,,,,,,,,,,,,,,,,,,,,,
,,,,,,Hydragric,Anthraquic,Irragric,Pretic,,,,,,,,,,,,,,,,,,,,,
,,,,,,Gleyic,,,,,,,,,,,,,,,,,,,,,,,,
,,,,,,Stagnic,,,,,,,,,,,,,,,,,,,,,,,,
,,,,,,Vertic,,,,,,,,,,,,,,,,,,,,,,,,
,,,,,,Nudiargic,,,,,,,,,,,,,,,,,,,,,,,,
,,,,,,Lamellic,,,,,,,,,,,,,,,,,,,,,,,,
,,,,,,Albic,,,,,,,,,,,,,,,,,,,,,,,,
,,,,,,Ferric,,,,,,,,,,,,,,,,,,,,,,,,
,,,,,,Rhodic,Chromic,,,,,,,,,,,,,,,,,,,,,,,
,,,,,,Gypsic,,,,,,,,,,,,,,,,,,,,,,,,
,,,,,,Calcic,,,,,,,,,,,,,,,,,,,,,,,,
,,,,,,Fractic,,,,,,,,,,,,,,,,,,,,,,,,
,,,,,,Skeletic,,,,,,,,,,,,,,,,,,,,,,,,
,,,,,,Endodolomitic,Endocalcaric,,,,,,,,,,,,,,,,,,,,,,,
,,,,,,Haplic,,,,,,,,,,,,,,,,,,,,,,,,
,,,,Supplementary qualifiers,,,,,,,,,,,,,,,,,,,,,,,,,,
,,,,,,Andic,,,,,,,,,,,,,,,,,,,,,,,,
,,,,,,Arenic,Clayic,Loamic,Siltic,,,,,,,,,,,,,,,,,,,,,
,,,,,,Aric,,,,,,,,,,,,,,,,,,,,,,,,
,,,,,,Aridic,,,,,,,,,,,,,,,,,,,,,,,,
,,,,,,Neocambic,,,,,,,,,,,,,,,,,,,,,,,,
,,,,,,Colluvic,,,,,,,,,,,,,,,,,,,,,,,,
,,,,,,Cutanic,,,,,,,,,,,,,,,,,,,,,,,,
,,,,,,Densic,,,,,,,,,,,,,,,,,,,,,,,,
,,,,,,Differentic,,,,,,,,,,,,,,,,,,,,,,,,
,,,,,,Epidystric,Hypereutric,,,,,,,,,,,,,,,,,,,,,,,
,,,,,,Escalic,,,,,,,,,,,,,,,,,,,,,,,,
,,,,,,Fluvic,,,,,,,,,,,,,,,,,,,,,,,,
,,,,,,Gelic,,,,,,,,,,,,,,,,,,,,,,,,
,,,,,,Humic,Ochric,,,,,,,,,,,,,,,,,,,,,,,
,,,,,,Magnesic,,,,,,,,,,,,,,,,,,,,,,,,
,,,,,,Nechic,,,,,,,,,,,,,,,,,,,,,,,,
,,,,,,Nitic,,,,,,,,,,,,,,,,,,,,,,,,
,,,,,,Novic,,,,,,,,,,,,,,,,,,,,,,,,
,,,,,,Oxyaquic,,,,,,,,,,,,,,,,,,,,,,,,
,,,,,,Profondic,,,,,,,,,,,,,,,,,,,,,,,,
,,,,,,Raptic,,,,,,,,,,,,,,,,,,,,,,,,
,,,,,,Sodic,,,,,,,,,,,,,,,,,,,,,,,,
,,,,,,Technic,,,,,,,,,,,,,,,,,,,,,,,,
,,,,,,Toxic,,,,,,,,,,,,,,,,,,,,,,,,
,,,,,,Transportic,,,,,,,,,,,,,,,,,,,,,,,,
,,,,,,Turbic,,,,,,,,,,,,,,,,,,,,,,,,
,,,,,,Vitric,,,,,,,,,,,,,,,,,,,,,,,,
,,,,,CAMBISOLS,,,,,,,,,,,,,,,,,,,,,,,,,
,,,,Principal qualifiers,,,,,,,,,,,,,,,,,,,,,,,,,,
,,,,,,Fragic,,,,,,,,,,,,,,,,,,,,,,,,
,,,,,,Thionic,,,,,,,,,,,,,,,,,,,,,,,,
,,,,,,Leptic,,,,,,,,,,,,,,,,,,,,,,,,
,,,,,,Petroplinthic,Pisoplinthic,Plinthic,,,,,,,,,,,,,,,,,,,,,,
,,,,,,Hydragric,Anthraquic,Irragric,Plaggic,Terric,,,,,,,,,,,,,,,,,,,,
,,,,,,Folic,Histic,,,,,,,,,,,,,,,,,,,,,,,
,,,,,,Gleyic,,,,,,,,,,,,,,,,,,,,,,,,
,,,,,,Stagnic,,,,,,,,,,,,,,,,,,,,,,,,
,,,,,,Fluvic,,,,,,,,,,,,,,,,,,,,,,,,
,,,,,,Vertic,,,,,,,,,,,,,,,,,,,,,,,,
,,,,,,Andic,,,,,,,,,,,,,,,,,,,,,,,,
,,,,,,Vitric,,,,,,,,,,,,,,,,,,,,,,,,
,,,,,,Ferralic,Sideralic,,,,,,,,,,,,,,,,,,,,,,,
,,,,,,Rhodic,Chromic,Xanthic,,,,,,,,,,,,,,,,,,,,,,
,,,,,,Fractic,,,,,,,,,,,,,,,,,,,,,,,,
,,,,,,Skeletic,,,,,,,,,,,,,,,,,,,,,,,,
,,,,,,Salic,,,,,,,,,,,,,,,,,,,,,,,,
,,,,,,Sodic,,,,,,,,,,,,,,,,,,,,,,,,
,,,,,,Gypsiric,,,,,,,,,,,,,,,,,,,,,,,,
,,,,,,Dolomitic,Calcaric,,,,,,,,,,,,,,,,,,,,,,,
,,,,,,Dystric,Eutric,,,,,,,,,,,,,,,,,,,,,,,
,,,,Supplementary qualifiers,,,,,,,,,,,,,,,,,,,,,,,,,,
,,,,,,Geoabruptic,,,,,,,,,,,,,,,,,,,,,,,,
,,,,,,Alcalic,,,,,,,,,,,,,,,,,,,,,,,,
,,,,,,Arenic,Clayic,Loamic,Siltic,,,,,,,,,,,,,,,,,,,,,
,,,,,,Aric,,,,,,,,,,,,,,,,,,,,,,,,
,,,,,,Protocalcic,,,,,,,,,,,,,,,,,,,,,,,,
,,,,,,Colluvic,,,,,,,,,,,,,,,,,,,,,,,,
,,,,,,Densic,,,,,,,,,,,,,,,,,,,,,,,,
,,,,,,Drainic,,,,,,,,,,,,,,,,,,,,,,,,
,,,,,,Escalic,,,,,,,,,,,,,,,,,,,,,,,,
,,,,,,Ferric,,,,,,,,,,,,,,,,,,,,,,,,
,,,,,,Gelic,,,,,,,,,,,,,,,,,,,,,,,,
,,,,,,Gelistagnic,,,,,,,,,,,,,,,,,,,,,,,,
,,,,,,Humic,Ochric,,,,,,,,,,,,,,,,,,,,,,,
,,,,,,Laxic,,,,,,,,,,,,,,,,,,,,,,,,
,,,,,,Magnesic,,,,,,,,,,,,,,,,,,,,,,,,
,,,,,,Nechic,,,,,,,,,,,,,,,,,,,,,,,,
,,,,,,Novic,,,,,,,,,,,,,,,,,,,,,,,,
,,,,,,Ornithic,,,,,,,,,,,,,,,,,,,,,,,,
,,,,,,Oxyaquic,,,,,,,,,,,,,,,,,,,,,,,,
,,,,,,Raptic,,,,,,,,,,,,,,,,,,,,,,,,
,,,,,,Protospodic,,,,,,,,,,,,,,,,,,,,,,,,
,,,,,,Sulfidic,,,,,,,,,,,,,,,,,,,,,,,,
,,,,,,Takyric,Yermic,Aridic,,,,,,,,,,,,,,,,,,,,,,
,,,,,,Technic,,,,,,,,,,,,,,,,,,,,,,,,
,,,,,,Tephric,,,,,,,,,,,,,,,,,,,,,,,,
,,,,,,Toxic,,,,,,,,,,,,,,,,,,,,,,,,
,,,,,,Transportic,,,,,,,,,,,,,,,,,,,,,,,,
,,,,,,Turbic ,,,,,,,,,,,,,,,,,,,,,,,,
,,,,,ARENOSOLS,,,,,,,,,,,,,,,,,,,,,,,,,
,,,,Principal qualifiers,,,,,,,,,,,,,,,,,,,,,,,,,,
,,,,,,Subaquatic,Tidalic,,,,,,,,,,,,,,,,,,,,,,,
,,,,,,Folic,,,,,,,,,,,,,,,,,,,,,,,,
,,,,,,Gleyic,,,,,,,,,,,,,,,,,,,,,,,,
,,,,,,Sideralic,,,,,,,,,,,,,,,,,,,,,,,,
,,,,,,Protoargic,,,,,,,,,,,,,,,,,,,,,,,,
,,,,,,Brunic,,,,,,,,,,,,,,,,,,,,,,,,
,,,,,,Albic,,,,,,,,,,,,,,,,,,,,,,,,
,,,,,,Rhodic,Chromic,Rubic,,,,,,,,,,,,,,,,,,,,,,
,,,,,,Lamellic,,,,,,,,,,,,,,,,,,,,,,,,
,,,,,,Endosalic,,,,,,,,,,,,,,,,,,,,,,,,
,,,,,,Sodic,,,,,,,,,,,,,,,,,,,,,,,,
,,,,,,Fluvic,,,,,,,,,,,,,,,,,,,,,,,,
,,,,,,Protic,,,,,,,,,,,,,,,,,,,,,,,,
,,,,,,Gypsiric,,,,,,,,,,,,,,,,,,,,,,,,
,,,,,,Dolomitic,Calcaric,,,,,,,,,,,,,,,,,,,,,,,
,,,,,,Dystric,Eutric,,,,,,,,,,,,,,,,,,,,,,,
,,,,Supplementary qualifiers,,,,,,,,,,,,,,,,,,,,,,,,,,
,,,,,,Geoabruptic,,,,,,,,,,,,,,,,,,,,,,,,
,,,,,,Aeolic,,,,,,,,,,,,,,,,,,,,,,,,
,,,,,,Alcalic,,,,,,,,,,,,,,,,,,,,,,,,
,,,,,,Aric,,,,,,,,,,,,,,,,,,,,,,,,
,,,,,,Protocalcic,,,,,,,,,,,,,,,,,,,,,,,,
,,,,,,Colluvic,,,,,,,,,,,,,,,,,,,,,,,,
,,,,,,Gelic,,,,,,,,,,,,,,,,,,,,,,,,
,,,,,,Humic,chric,,,,,,,,,,,,,,,,,,,,,,,
,,,,,,Hydrophobic,,,,,,,,,,,,,,,,,,,,,,,,
,,,,,,Nechic,,,,,,,,,,,,,,,,,,,,,,,,
,,,,,,Novic,,,,,,,,,,,,,,,,,,,,,,,,
,,,,,,Ornithic,,,,,,,,,,,,,,,,,,,,,,,,
,,,,,,Oxyaquic,,,,,,,,,,,,,,,,,,,,,,,,
,,,,,,Petrogleyic,,,,,,,,,,,,,,,,,,,,,,,,
,,,,,,Placic,,,,,,,,,,,,,,,,,,,,,,,,
,,,,,,Raptic,,,,,,,,,,,,,,,,,,,,,,,,
,,,,,,Relocatic,,,,,,,,,,,,,,,,,,,,,,,,
,,,,,,Protospodic,,,,,,,,,,,,,,,,,,,,,,,,
,,,,,,Stagnic,,,,,,,,,,,,,,,,,,,,,,,,
,,,,,,Sulfidic,,,,,,,,,,,,,,,,,,,,,,,,
,,,,,,Technic,,,,,,,,,,,,,,,,,,,,,,,,
,,,,,,Tephric,,,,,,,,,,,,,,,,,,,,,,,,
,,,,,,Toxic,,,,,,,,,,,,,,,,,,,,,,,,
,,,,,,Transportic,,,,,,,,,,,,,,,,,,,,,,,,
,,,,,,Turbic,,,,,,,,,,,,,,,,,,,,,,,,
,,,,,,Yermic,Aridic,,,,,,,,,,,,,,,,,,,,,,,
,,,,,FLUVISOLS,,,,,,,,,,,,,,,,,,,,,,,,,
,,,,Principal qualifiers,,,,,,,,,,,,,,,,,,,,,,,,,,
,,,,,,Subaquatic,Tidalic,,,,,,,,,,,,,,,,,,,,,,,
,,,,,,Pantofluvic,Anofluvic,Orthofluvic,,,,,,,,,,,,,,,,,,,,,,
,,,,,,Leptic,,,,,,,,,,,,,,,,,,,,,,,,
,,,,,,Folic,Histic,,,,,,,,,,,,,,,,,,,,,,,
,,,,,,Gleyic,,,,,,,,,,,,,,,,,,,,,,,,
,,,,,,Stagnic,,,,,,,,,,,,,,,,,,,,,,,,
,,,,,,Skeletic,,,,,,,,,,,,,,,,,,,,,,,,
,,,,,,Sodic,,,,,,,,,,,,,,,,,,,,,,,,
,,,,,,Gypsiric,,,,,,,,,,,,,,,,,,,,,,,,
,,,,,,Dolomitic,Calcaric,,,,,,,,,,,,,,,,,,,,,,,
,,,,,,Dystric,Eutric ,,,,,,,,,,,,,,,,,,,,,,,
,,,,Supplementary qualifiers,,,,,,,,,,,,,,,,,,,,,,,,,,
,,,,,,Geoabruptic,,,,,,,,,,,,,,,,,,,,,,,,
,,,,,,Alcalic,,,,,,,,,,,,,,,,,,,,,,,,
,,,,,,Arenic,Clayic,Loamic,Siltic,,,,,,,,,,,,,,,,,,,,,
,,,,,,Aric,,,,,,,,,,,,,,,,,,,,,,,,
,,,,,,Protocalcic,,,,,,,,,,,,,,,,,,,,,,,,
,,,,,,Densic,,,,,,,,,,,,,,,,,,,,,,,,
,,,,,,Drainic,,,,,,,,,,,,,,,,,,,,,,,,
,,,,,,Gelic,,,,,,,,,,,,,,,,,,,,,,,,
,,,,,,Humic,Ochric,,,,,,,,,,,,,,,,,,,,,,,
,,,,,,Limnic,,,,,,,,,,,,,,,,,,,,,,,,
,,,,,,Magnesic,,,,,,,,,,,,,,,,,,,,,,,,
,,,,,,Nechic,,,,,,,,,,,,,,,,,,,,,,,,
,,,,,,Oxyaquic,,,,,,,,,,,,,,,,,,,,,,,,
,,,,,,Petrogleyic,,,,,,,,,,,,,,,,,,,,,,,,
,,,,,,Sideralic,,,,,,,,,,,,,,,,,,,,,,,,
,,,,,,Sulfidic,,,,,,,,,,,,,,,,,,,,,,,,
,,,,,,Takyric,Yermic,Aridic,,,,,,,,,,,,,,,,,,,,,,
,,,,,,Technic,,,,,,,,,,,,,,,,,,,,,,,,
,,,,,,Toxic,,,,,,,,,,,,,,,,,,,,,,,,
,,,,,,Transportic,,,,,,,,,,,,,,,,,,,,,,,,
,,,,,,Turbic,,,,,,,,,,,,,,,,,,,,,,,,
,,,,,,Protovertic,,,,,,,,,,,,,,,,,,,,,,,,
,,,,,REGOSOLS,,,,,,,,,,,,,,,,,,,,,,,,,
,,,,Principal qualifiers,,,,,,,,,,,,,,,,,,,,,,,,,,
,,,,,,Leptic,,,,,,,,,,,,,,,,,,,,,,,,
,,,,,,Folic,,,,,,,,,,,,,,,,,,,,,,,,
,,,,,,Gleyic,,,,,,,,,,,,,,,,,,,,,,,,
,,,,,,Stagnic,,,,,,,,,,,,,,,,,,,,,,,,
,,,,,,Skeletic,,,,,,,,,,,,,,,,,,,,,,,,
,,,,,,Brunic,,,,,,,,,,,,,,,,,,,,,,,,
,,,,,,Colluvic,,,,,,,,,,,,,,,,,,,,,,,,
,,,,,,Tephric,,,,,,,,,,,,,,,,,,,,,,,,
,,,,,,Endosalic,,,,,,,,,,,,,,,,,,,,,,,,
,,,,,,Sodic,,,,,,,,,,,,,,,,,,,,,,,,
,,,,,,Protic,,,,,,,,,,,,,,,,,,,,,,,,
,,,,,,Vermic,,,,,,,,,,,,,,,,,,,,,,,,
,,,,,,Gypsiric,,,,,,,,,,,,,,,,,,,,,,,,
,,,,,,Dolomitic,Calcaric,,,,,,,,,,,,,,,,,,,,,,,
,,,,,,Dystric,Eutric,,,,,,,,,,,,,,,,,,,,,,,
,,,,Supplementary qualifiers,,,,,,,,,,,,,,,,,,,,,,,,,,
,,,,,,Geoabruptic,,,,,,,,,,,,,,,,,,,,,,,,
,,,,,,Aeolic,,,,,,,,,,,,,,,,,,,,,,,,
,,,,,,Alcalic,,,,,,,,,,,,,,,,,,,,,,,,
,,,,,,Arenic,Clayic,Loamic,Siltic,,,,,,,,,,,,,,,,,,,,,
,,,,,,Aric,,,,,,,,,,,,,,,,,,,,,,,,
,,,,,,Protocalcic,,,,,,,,,,,,,,,,,,,,,,,,
,,,,,,Densic,,,,,,,,,,,,,,,,,,,,,,,,
,,,,,,Drainic,,,,,,,,,,,,,,,,,,,,,,,,
,,,,,,Escalic,,,,,,,,,,,,,,,,,,,,,,,,
,,,,,,Fluvic,,,,,,,,,,,,,,,,,,,,,,,,
,,,,,,Gelic,,,,,,,,,,,,,,,,,,,,,,,,
,,,,,,Gelistagnic,,,,,,,,,,,,,,,,,,,,,,,,
,,,,,,Humic,Ochric,,,,,,,,,,,,,,,,,,,,,,,
,,,,,,Isolatic,,,,,,,,,,,,,,,,,,,,,,,,
,,,,,,Lamellic,,,,,,,,,,,,,,,,,,,,,,,,
,,,,,,Magnesic,,,,,,,,,,,,,,,,,,,,,,,,
,,,,,,Nechic,,,,,,,,,,,,,,,,,,,,,,,,
,,,,,,Ornithic,,,,,,,,,,,,,,,,,,,,,,,,
,,,,,,Oxyaquic,,,,,,,,,,,,,,,,,,,,,,,,
,,,,,,Raptic,,,,,,,,,,,,,,,,,,,,,,,,
,,,,,,Relocatic,,,,,,,,,,,,,,,,,,,,,,,,
,,,,,,Takyric,Yermic,Aridic,,,,,,,,,,,,,,,,,,,,,,
,,,,,,Technic,,,,,,,,,,,,,,,,,,,,,,,,
,,,,,,Toxic,,,,,,,,,,,,,,,,,,,,,,,,
,,,,,,Transportic,,,,,,,,,,,,,,,,,,,,,,,,
,,,,,,Turbic,,,,,,,,,,,,,,,,,,,,,,,,
,,,,,,Protovertic,,,,,,,,,,,,,,,,,,,,,,,,
